player_id,pos,name,short_name
00-0017200,QB,Kurt Warner,K.Warner
00-0025388,QB,JaMarcus Russell,J.Russell
00-0003739,QB,Daunte Culpepper,D.Culpepper
00-0002110,QB,Mark Brunell,M.Brunell
00-0022005,QB,Chris Simms,C.Simms
00-0019709,QB,Chris Redman,C.Redman
00-0024264,QB,Kellen Clemens,K.Clemens
00-0023502,QB,Charlie Frye,C.Frye
00-0005106,QB,Brett Favre,B.Favre
00-0004161,QB,Jake Delhomme,J.Delhomme
00-0026296,QB,Dennis Dixon,D.Dixon
00-0021231,QB,David Garrard,D.Garrard
00-0027347,QB,Max Hall,M.Hall
00-0024408,QB,Bruce Gradkowski,B.Gradkowski
00-0003315,QB,Todd Collins,T.Collins
00-0025604,QB,Tyler Thigpen,T.Thigpen
00-0025479,QB,Trent Edwards,T.Edwards
00-0001545,QB,Todd Bouman,T.Bouman
00-0009311,QB,Jon Kitna,J.Kitna
00-0025561,QB,Troy Smith,T.Smith
00-0019559,QB,Chad Pennington,C.Pennington
00-0027775,QB,Rusty Smith,R.Smith
00-0024300,QB,Brodie Croyle,B.Croyle
00-0027796,QB,Joe Webb,J.Webb
00-0027071,QB,Stephen McGee,S.McGee
00-0026196,QB,Brian Brohm,B.Brohm
00-0003292,QB,Kerry Collins,K.Collins
00-0011022,QB,Donovan McNabb,D.McNabb
00-0024279,QB,Tarvaris Jackson,T.Jackson
00-0022121,QB,Rex Grossman,R.Grossman
00-0024812,QB,Tyler Palko,T.Palko
00-0027134,QB,Curtis Painter,C.Painter
00-0027876,QB,Tim Tebow,T.Tebow
00-0024218,QB,Vince Young,V.Young
00-0025427,QB,John Beck,J.Beck
00-0022164,QB,Kyle Boller,K.Boller
00-0023578,QB,Dan Orlovsky,D.Orlovsky
00-0024225,QB,Matt Leinart,M.Leinart
00-0025970,QB,Caleb Hanie,C.Hanie
00-0027754,QB,John Skelton,J.Skelton
00-0025423,QB,Kevin Kolb,K.Kolb
00-0025409,QB,Brady Quinn,B.Quinn
00-0022177,QB,Byron Leftwich,B.Leftwich
00-0000865,QB,Charlie Batch,C.Batch
00-0028146,QB,Greg McElroy,G.McElroy
00-0028825,QB,Terrelle Pryor,T.Pryor
00-0023460,QB,Jason Campbell,J.Campbell
00-0030024,QB,Jeff Tuel,J.Tuel
00-0027253,QB,Thaddeus Lewis,T.Lewis
00-0026993,QB,Josh Freeman,J.Freeman
00-0022055,QB,Seneca Wallace,S.Wallace
00-0026349,QB,Matt Flynn,M.Flynn
00-0026197,QB,Chad Henne,C.Henne
00-0027946,QB,Jake Locker,J.Locker
00-0024296,QB,Charlie Whitehurst,C.Whitehurst
00-0027950,QB,Christian Ponder,C.Ponder
00-0023541,QB,Kyle Orton,K.Orton
00-0029531,QB,Ryan Lindley,R.Lindley
00-0030661,QB,Connor Shaw,C.Shaw
00-0031409,QB,Johnny Manziel,J.Manziel
00-0010346,QB,Peyton Manning,P.Manning
00-0021678,QB,Tony Romo,T.Romo
00-0022864,QB,Luke McCown,L.McCown
00-0020245,QB,Michael Vick,M.Vick
00-0007091,QB,Matt Hasselbeck,M.Hasselbeck
00-0031266,QB,Zach Mettenberger,Z.Mettenberger
00-0031288,QB,A.J. McCarron,A.McCarron
00-0022787,QB,Matt Schaub,M.Schaub
00-0028957,QB,Austin Davis,A.Davis
00-0027659,QB,Jimmy Clausen,J.Clausen
00-0029234,QB,Kellen Moore,K.Moore
00-0029677,QB,Brandon Weeden,B.Weeden
00-0028012,QB,Ryan Mallett,R.Mallett
00-0020679,QB,Shaun Hill,S.Hill
00-0029665,QB,Robert Griffin,R.Griffin
00-0027974,QB,Colin Kaepernick,C.Kaepernick
00-0030419,QB,Matt McGloin,M.McGloin
00-0031064,QB,Tom Savage,T.Savage
00-0021429,QB,Carson Palmer,C.Palmer
00-0033899,QB,DeShone Kizer,D.Kizer
00-0030520,QB,Mike Glennon,M.Glennon
00-0028595,QB,Scott Tolzien,S.Tolzien
00-0033119,QB,Jacoby Brissett,J.Brissett
00-0032245,QB,Sean Mannion,S.Mannion
00-0026625,QB,Brian Hoyer,B.Hoyer
00-0032156,QB,Trevor Siemian,T.Siemian
00-0032784,QB,Kevin Hogan,K.Hogan
00-0024226,QB,Jay Cutler,J.Cutler
00-0031589,QB,Brett Hundley,B.Hundley
00-0023662,QB,Matt Cassel,M.Cassel
00-0030526,QB,EJ Manuel,E.Manuel
00-0025708,QB,Matt Moore,M.Moore
00-0025430,QB,Drew Stanton,D.Stanton
00-0030565,QB,Geno Smith,G.Smith
00-0033108,QB,Paxton Lynch,P.Lynch
00-0028090,QB,T.J. Yates,T.Yates
00-0031568,QB,Bryce Petty,B.Petty
00-0030524,QB,Landry Jones,L.Jones
00-0026143,QB,Matt Ryan,M.Ryan
00-0029567,QB,Nick Foles,N.Foles
00-0026158,QB,Joe Flacco,J.Flacco
00-0033958,QB,Nathan Peterman,N.Peterman
00-0034796,QB,Lamar Jackson,L.Jackson
00-0034857,QB,Josh Allen,J.Allen
00-0031407,QB,Blake Bortles,B.Bortles
00-0022803,QB,Eli Manning,E.Manning
00-0020531,QB,Drew Brees,D.Brees
00-0023682,QB,Ryan Fitzpatrick,R.Fitzpatrick
00-0019596,QB,Tom Brady,T.Brady
00-0033537,QB,Deshaun Watson,D.Watson
00-0029604,QB,Kirk Cousins,K.Cousins
00-0031345,QB,Jimmy Garoppolo,J.Garoppolo
00-0032268,QB,Marcus Mariota,M.Mariota
00-0029701,QB,Ryan Tannehill,R.Tannehill
00-0027948,QB,Blaine Gabbert,B.Gabbert
00-0027973,QB,Andy Dalton,A.Dalton
00-0029668,QB,Andrew Luck,A.Luck
00-0022924,QB,Ben Roethlisberger,B.Roethlisberger
00-0028118,QB,Tyrod Taylor,T.Taylor
00-0022942,QB,Philip Rivers,P.Rivers
00-0033873,QB,Patrick Mahomes,P.Mahomes
00-0028986,QB,Case Keenum,C.Keenum
00-0029263,QB,Russell Wilson,R.Wilson
00-0027939,QB,Cam Newton,C.Newton
00-0033077,QB,Dak Prescott,D.Prescott
00-0023436,QB,Alex Smith,A.Smith
00-0027854,QB,Sam Bradford,S.Bradford
00-0023459,QB,Aaron Rodgers,A.Rodgers
00-0033869,QB,Mitchell Trubisky,M.Trubisky
00-0034869,QB,Sam Darnold,S.Darnold
00-0026498,QB,Matthew Stafford,M.Stafford
00-0031280,QB,Derek Carr,D.Carr
00-0033106,QB,Jared Goff,J.Goff
00-0034855,QB,Baker Mayfield,B.Mayfield
00-0032950,QB,Carson Wentz,C.Wentz
00-0034343,QB,Josh Rosen,J.Rosen
00-0029682,QB,Brock Osweiler,B.Osweiler
00-0031503,QB,Jameis Winston,J.Winston
00-0033936,QB,C.J. Beathard,C.Beathard
00-0033104,QB,Cody Kessler,C.Kessler
00-0023645,QB,Derek Anderson,D.Anderson
00-0032436,QB,Jeff Driskel,J.Driskel
00-0031800,QB,Taylor Heinicke,T.Heinicke
00-0033319,QB,Nick Mullens,N.Mullens
00-0031237,QB,Teddy Bridgewater,T.Bridgewater
00-0030533,QB,Matt Barkley,M.Barkley
00-0021206,QB,Josh McCown,J.McCown
00-0027688,QB,Colt McCoy,C.McCoy
00-0026544,QB,Chase Daniel,C.Daniel
00-0026898,QB,Mark Sanchez,M.Sanchez
00-0026300,QB,Josh Johnson,J.Johnson
00-0034577,QB,Kyle Allen,K.Allen
00-0022250,RB,Willie Parker,W.Parker
00-0019693,RB,Jamal Lewis,J.Lewis
00-0022092,RB,Chris Brown,C.Brown
00-0020270,RB,Correll Buckhalter,C.Buckhalter
00-0021976,RB,Larry Johnson,L.Johnson
00-0024294,RB,Jerious Norwood,J.Norwood
00-0017915,RB,Ricky Williams,R.Williams
00-0027048,RB,Glen Coffee,G.Coffee
00-0016098,RB,Fred Taylor,F.Taylor
00-0025631,RB,Jason Snelling,J.Snelling
00-0019484,RB,Sammy Morris,S.Morris
00-0022093,RB,Justin Fargas,J.Fargas
00-0027167,RB,Chris Jennings,C.Jennings
00-0023512,RB,Ryan Moats,R.Moats
00-0021357,RB,Rock Cartwright,R.Cartwright
00-0024460,RB,Quinton Ganther,Q.Ganther
00-0023440,RB,Cadillac Williams,C.Williams
00-0026229,RB,Steve Slaton,S.Slaton
00-0025450,RB,Brandon Jackson,B.Jackson
00-0022999,RB,John Kuhn,J.Kuhn
00-0021179,RB,Clinton Portis,C.Portis
00-0027080,RB,Mike Goodson,M.Goodson
00-0026342,RB,Mike Hart,M.Hart
00-0021216,RB,Brian Westbrook,B.Westbrook
00-0024236,RB,Laurence Maroney,L.Maroney
00-0027712,RB,Joe McKnight,J.McKnight
00-0021184,RB,Ladell Betts,L.Betts
00-0027214,RB,Keiland Williams,K.Williams
00-0024011,RB,Mike Bell,M.Bell
00-0022840,RB,Julius Jones,J.Jones
00-0024359,RB,Jerome Harrison,J.Harrison
00-0023437,RB,Ronnie Brown,R.Brown
00-0027880,RB,Jahvid Best,J.Best
00-0021182,RB,Maurice Morris,M.Morris
00-0021755,RB,Earnest Graham,E.Graham
00-0026579,RB,Kahlil Bell,K.Bell
00-0019641,RB,Thomas Jones,T.Jones
00-0025701,RB,Jackie Battle,J.Battle
00-0024245,RB,Joseph Addai,J.Addai
00-0022770,RB,Derrick Ward,D.Ward
00-0028057,RB,Delone Carter,D.Carter
00-0026941,RB,Bernard Scott,B.Scott
00-0028053,RB,Kendall Hunter,K.Hunter
00-0028043,RB,Roy Helu,R.Helu
00-0026262,RB,Tashard Choice,T.Choice
00-0020536,RB,LaDainian Tomlinson,L.Tomlinson
00-0024332,RB,Leon Washington,L.Washington
00-0021314,RB,Chester Taylor,C.Taylor
00-0026279,RB,Ryan Torain,R.Torain
00-0023544,RB,Marion Barber,M.Barber
00-0005091,RB,Kevin Faulk,K.Faulk
00-0028115,RB,Evan Royster,E.Royster
00-0025487,RB,Michael Bush,M.Bush
00-0022821,RB,Michael Turner,M.Turner
00-0026204,RB,Kevin Smith,K.Smith
00-0026019,RB,Danny Woodhead,D.Woodhead
00-0026316,RB,Jalen Parmele,J.Parmele
00-0027976,RB,Ryan Williams,R.Williams
00-0026956,RB,LaRod Stephens-Howling,L.Stephens-Howling
00-0023439,RB,Cedric Benson,C.Benson
00-0024559,RB,Danny Ware,D.Ware
00-0027786,RB,Jonathan Dwyer,J.Dwyer
00-0026932,RB,Cedric Peerman,C.Peerman
00-0028034,RB,Alex Green,A.Green
00-0027995,RB,Mikel Leshoure,M.Leshoure
00-0028736,RB,William Powell,W.Powell
00-0027666,RB,Montario Hardesty,M.Hardesty
00-0024103,RB,Montell Owens,M.Owens
00-0022984,RB,Ryan Grant,R.Grant
00-0026195,RB,Ray Rice,R.Rice
00-0026988,RB,Knowshon Moreno,K.Moreno
00-0026566,RB,Isaac Redman,I.Redman
00-0025860,RB,BenJarvus Green-Ellis,B.Green-Ellis
00-0028000,RB,Daniel Thomas,D.Thomas
00-0029547,RB,Vick Ballard,V.Ballard
00-0026163,RB,Rashard Mendenhall,R.Mendenhall
00-0029251,RB,David Wilson,D.Wilson
00-0027003,RB,Donald Brown,D.Brown
00-0025439,RB,Brian Leonard,B.Leonard
00-0023545,RB,Brandon Jacobs,B.Jacobs
00-0026162,RB,Felix Jones,F.Jones
00-0030391,RB,Mike James,M.James
00-0027140,RB,Chris Ogbonnaya,C.Ogbonnaya
00-0022178,RB,Willis McGahee,W.McGahee
00-0026367,RB,Peyton Hillis,P.Hillis
00-0027094,RB,Andre Brown,A.Brown
00-0029510,RB,Jonathan Grimes,J.Grimes
00-0024813,RB,Pierre Thomas,P.Thomas
00-0030348,RB,Khiry Robinson,K.Robinson
00-0027890,RB,Ben Tate,B.Tate
00-0028121,RB,Jordan Todman,J.Todman
00-0024275,RB,Maurice Jones-Drew,M.Jones-Drew
00-0029264,RB,Bernard Pierce,B.Pierce
00-0024204,RB,Fred Jackson,F.Jackson
00-0026899,RB,Shonn Greene,S.Greene
00-0030280,RB,Knile Davis,K.Davis
00-0029384,RB,Bobby Rainey,B.Rainey
00-0029675,RB,Trent Richardson,T.Richardson
00-0030522,RB,Montee Ball,M.Ball
00-0025637,RB,Ahmad Bradshaw,A.Bradshaw
00-0031055,RB,Andre Williams,A.Williams
00-0030282,RB,Stepfan Taylor,S.Taylor
00-0029588,RB,Dan Herron,D.Herron
00-0029104,RB,Jonas Gray,J.Gray
00-0029429,RB,Bryce Brown,B.Brown
00-0029239,RB,Brandon Bolden,B.Bolden
00-0026213,RB,Jamaal Charles,J.Charles
00-0029438,RB,Chris Polk,C.Polk
00-0027772,RB,Anthony Dixon,A.Dixon
00-0029731,RB,Fozzy Whittaker,F.Whittaker
00-0027218,RB,Joique Bell,J.Bell
00-0031413,RB,Bishop Sankey,B.Sankey
00-0027651,RB,Dexter McCluster,D.McCluster
00-0029683,RB,Ronnie Hillman,R.Hillman
00-0031577,RB,Javorius Allen,J.Allen
00-0030388,RB,Joseph Randle,J.Randle
00-0024217,RB,Reggie Bush,R.Bush
00-0027861,RB,C.J. Spiller,C.Spiller
00-0030789,RB,Antonio Andrews,A.Andrews
00-0027888,RB,Toby Gerhart,T.Gerhart
00-0031057,RB,Ka'Deem Carey,K.Carey
00-0032133,RB,David Cobb,D.Cobb
00-0032152,RB,Karlos Williams,K.Williams
00-0022736,RB,Steven Jackson,S.Jackson
00-0032972,RB,Devontae Booker,D.Booker
00-0031390,RB,Charles Sims,C.Sims
00-0028198,RB,Matt Asiata,M.Asiata
00-0027864,RB,Ryan Mathews,R.Mathews
00-0029205,RB,Travaris Cadet,T.Cadet
00-0032940,RB,DeAndre Washington,D.Washington
00-0026289,RB,Tim Hightower,T.Hightower
00-0030668,RB,Charcandrick West,C.West
00-0031569,RB,Jeremy Langford,J.Langford
00-0027791,RB,James Starks,J.Starks
00-0030547,RB,Denard Robinson,D.Robinson
00-0026796,RB,Arian Foster,A.Foster
00-0030432,RB,Christine Michael,C.Michael
00-0027155,RB,Rashad Jennings,R.Jennings
00-0027994,RB,Shane Vereen,S.Vereen
00-0032450,RB,Dwayne Washington,D.Washington
00-0031939,RB,Matt Jones,M.Jones
00-0024242,RB,DeAngelo Williams,D.Williams
00-0028202,RB,Shaun Draughn,S.Draughn
00-0031599,RB,Cameron Artis-Payne,C.Artis-Payne
00-0028409,RB,DuJuan Harris,D.Harris
00-0026373,RB,Justin Forsett,J.Forsett
00-0026144,RB,Darren McFadden,D.McFadden
00-0030433,RB,Mike Gillislee,M.Gillislee
00-0026184,RB,Matt Forte,M.Forte
00-0030404,RB,Chris Thompson,C.Thompson
00-0032371,RB,Robert Kelley,R.Kelley
00-0028009,RB,DeMarco Murray,D.Murray
00-0033925,RB,D'Onta Foreman,D.Foreman
00-0032104,RB,Ameer Abdullah,A.Abdullah
00-0030107,RB,Theo Riddick,T.Riddick
00-0030117,RB,Kerwynn Williams,K.Williams
00-0030496,RB,Le'Veon Bell,L.Bell
00-0031301,RB,Jeremy Hill,J.Hill
00-0031375,RB,Terrance West,T.West
00-0031806,RB,Malcolm Brown,M.Brown
00-0029273,RB,Robert Turbin,R.Turbin
00-0026153,RB,Jonathan Stewart,J.Stewart
00-0030485,RB,Eddie Lacy,E.Lacy
00-0032200,RB,Ty Montgomery,T.Montgomery
00-0032417,RB,Paul Perkins,P.Perkins
00-0030860,RB,Orleans Darkwa,O.Darkwa
00-0031376,RB,Jerick McKinnon,J.McKinnon
00-0028083,RB,Jacquizz Rodgers,J.Rodgers
00-0026164,RB,Chris Johnson,C.Johnson
00-0031897,RB,Thomas Rawls,T.Rawls
00-0033526,RB,Samaje Perine,S.Perine
00-0030874,RB,Damien Williams,D.Williams
00-0032602,RB,J.D. McKissic,J.McKissic
00-0030465,RB,Kenjon Barner,K.Barner
00-0030287,RB,Andre Ellington,A.Ellington
00-0028011,RB,Stevan Ridley,S.Ridley
00-0031285,RB,Devonta Freeman,D.Freeman
00-0023564,RB,Darren Sproles,D.Sproles
00-0032058,RB,Tevin Coleman,T.Coleman
00-0031590,RB,Jay Ajayi,J.Ajayi
00-0032426,RB,Alex Collins,A.Collins
00-0027029,RB,LeSean McCoy,L.McCoy
00-0031959,RB,Marcus Murphy,M.Murphy
00-0027531,RB,Chris Ivory,C.Ivory
00-0033856,RB,Leonard Fournette,L.Fournette
00-0031731,RB,Corey Grant,C.Grant
00-0034844,RB,Saquon Barkley,S.Barkley
00-0032209,RB,T.J. Yeldon,T.Yeldon
00-0033950,RB,Wayne Gallman,W.Gallman
00-0033906,RB,Alvin Kamara,A.Kamara
00-0032741,RB,Peyton Barber,P.Barber
00-0030288,RB,Rex Burkhead,R.Burkhead
00-0031062,RB,James White,J.White
00-0029615,RB,Lamar Miller,L.Miller
00-0031075,RB,Alfred Blue,A.Blue
00-0033893,RB,Dalvin Cook,D.Cook
00-0033308,RB,Matt Breida,M.Breida
00-0029141,RB,Alfred Morris,A.Morris
00-0030513,RB,Latavius Murray,L.Murray
00-0032764,RB,Derrick Henry,D.Henry
00-0033118,RB,Kenyan Drake,K.Drake
00-0023500,RB,Frank Gore,F.Gore
00-0028087,RB,Dion Lewis,D.Lewis
00-0033897,RB,Joe Mixon,J.Mixon
00-0034400,RB,Jordan Wilkins,J.Wilkins
00-0030456,RB,Giovani Bernard,G.Bernard
00-0034367,RB,Nyheim Hines,N.Hines
00-0033553,RB,James Conner,J.Conner
00-0032257,RB,Duke Johnson,D.Johnson
00-0034791,RB,Nick Chubb,N.Chubb
00-0032144,RB,Melvin Gordon,M.Gordon
00-0033699,RB,Austin Ekeler,A.Ekeler
00-0033923,RB,Kareem Hunt,K.Hunt
00-0030414,RB,Spencer Ware,S.Ware
00-0034838,RB,Royce Freeman,R.Freeman
00-0034109,RB,Phillip Lindsay,P.Lindsay
00-0033594,RB,Chris Carson,C.Carson
00-0033045,RB,Ezekiel Elliott,E.Elliott
00-0033280,RB,Christian McCaffrey,C.McCaffrey
00-0031900,RB,Rod Smith,R.Smith
00-0025394,RB,Adrian Peterson,A.Peterson
00-0032187,RB,David Johnson,D.Johnson
00-0033948,RB,Jamaal Williams,J.Williams
00-0033556,RB,Tarik Cohen,T.Cohen
00-0032780,RB,Jordan Howard,J.Howard
00-0028064,RB,Bilal Powell,B.Powell
00-0030656,RB,Isaiah Crowell,I.Crowell
00-0027325,RB,LeGarrette Blount,L.Blount
00-0034349,RB,Kerryon Johnson,K.Johnson
00-0025399,RB,Marshawn Lynch,M.Lynch
00-0032241,RB,Todd Gurley,T.Gurley
00-0029613,RB,Doug Martin,D.Martin
00-0033025,RB,Jalen Richard,J.Richard
00-0033951,RB,Marlon Mack,M.Mack
00-0032782,RB,Wendell Smallwood,W.Smallwood
00-0034845,RB,Sony Michel,S.Michel
00-0032063,RB,Mike Davis,M.Davis
00-0033293,RB,Aaron Jones,A.Jones
00-0034457,RB,Josh Adams,J.Adams
00-0027966,RB,Mark Ingram,M.Ingram
00-0034440,RB,Justin Jackson,J.Jackson
00-0034184,RB,Gus Edwards,G.Edwards
00-0031045,RB,Carlos Hyde,C.Hyde
00-0034331,RB,Jaylen Samuels,J.Samuels
00-0033295,RB,Elijah McGuire,E.McGuire
00-0031665,RB,Zach Zenner,Z.Zenner
00-0034115,RB,Jeff Wilson,J.Wilson
00-0029854,RB,C.J. Anderson,C.Anderson
00-0022725,WR,Michael Clayton,M.Clayton
00-0021191,WR,Antonio Bryant,A.Bryant
00-0022766,WR,Patrick Crayton,P.Crayton
00-0007681,WR,Torry Holt,T.Holt
00-0018958,WR,Laveranues Coles,L.Coles
00-0011795,WR,Muhsin Muhammad,M.Muhammad
00-0022171,WR,Kelley Washington,K.Washington
00-0023457,WR,Mark Clayton,M.Clayton
00-0023474,WR,Mark Bradley,M.Bradley
00-0019650,WR,Dennis Northcutt,D.Northcutt
00-0026174,WR,Devin Thomas,D.Thomas
00-0022144,WR,Bobby Wade,B.Wade
00-0023408,WR,Greg Camarillo,G.Camarillo
00-0023968,WR,Micheal Spurlock,M.Spurlock
00-0025622,WR,Chansi Stuckey,C.Stuckey
00-0026953,WR,Sammie Stroughter,S.Stroughter
00-0005231,WR,Brian Finneran,B.Finneran
00-0022156,WR,Bryant Johnson,B.Johnson
00-0021982,WR,Justin Gage,J.Gage
00-0012478,WR,Terrell Owens,T.Owens
00-0027063,WR,Deon Butler,D.Butler
00-0005720,WR,Joey Galloway,J.Galloway
00-0020438,WR,T.J. Houshmandzadeh,T.Houshmandzadeh
00-0020446,WR,Chris Chambers,C.Chambers
00-0027795,WR,David Gettis,D.Gettis
00-0024465,WR,David Anderson,D.Anderson
00-0027477,WR,Blair White,B.White
00-0024305,WR,Maurice Stovall,M.Stovall
00-0017162,WR,Hines Ward,H.Ward
00-0022910,WR,Lee Evans,L.Evans
00-0027789,WR,Dezmon Briscoe,D.Briscoe
00-0022909,WR,Roy Williams,R.Williams
00-0026913,WR,Johnny Knox,J.Knox
00-0022388,WR,Terrance Copper,T.Copper
00-0023490,WR,Roscoe Parrish,R.Parrish
00-0025463,WR,Jason Hill,J.Hill
00-0027012,WR,Brian Robiskie,B.Robiskie
00-0022807,WR,Bernard Berrian,B.Berrian
00-0024463,WR,Ben Obomanu,B.Obomanu
00-0023452,WR,Mike Williams,M.Williams
00-0021163,WR,Jabar Gaffney,J.Gaffney
00-0026465,WR,Anthony Armstrong,A.Armstrong
00-0010500,WR,Derrick Mason,D.Mason
00-0024447,WR,Devin Aromashodu,D.Aromashodu
00-0027105,WR,Jarett Dillard,J.Dillard
00-0025438,WR,Steve Smith,S.Smith
00-0025466,WR,Mike Sims-Walker,M.Sims-Walker
00-0024345,WR,Domenik Hixon,D.Hixon
00-0025529,WR,Steve Breaston,S.Breaston
00-0027026,WR,Mohamed Massaquoi,M.Massaquoi
00-0022929,WR,Devery Henderson,D.Henderson
00-0027982,WR,Titus Young,T.Young
00-0026266,WR,Lavelle Hawkins,L.Hawkins
00-0025462,WR,Laurent Robinson,L.Robinson
00-0022781,WR,Michael Jenkins,M.Jenkins
00-0027518,WR,Donald Jones,D.Jones
00-0026366,WR,Chaz Schilens,C.Schilens
00-0025559,WR,Legedu Naanee,L.Naanee
00-0021931,WR,Kevin Walter,K.Walter
00-0026221,WR,Early Doucet,E.Doucet
00-0011754,WR,Randy Moss,R.Moss
00-0015754,WR,Brandon Stokley,B.Stokley
00-0004541,WR,Donald Driver,D.Driver
00-0027654,WR,Arrelious Benn,A.Benn
00-0021192,WR,Deion Branch,D.Branch
00-0027076,WR,Mike Thomas,M.Thomas
00-0027687,WR,Jordan Shipley,J.Shipley
00-0019642,WR,Plaxico Burress,P.Burress
00-0023438,WR,Braylon Edwards,B.Edwards
00-0025460,WR,Jacoby Jones,J.Jones
00-0029660,WR,T.J. Graham,T.Graham
00-0027893,WR,Damian Williams,D.Williams
00-0027702,WR,Mike Williams,M.Williams
00-0028995,WR,Stephen Hill,S.Hill
00-0030550,WR,Ace Sanders,A.Sanders
00-0025431,WR,Sidney Rice,S.Rice
00-0026210,WR,Earl Bennett,E.Bennett
00-0026000,WR,Davone Bess,D.Bess
00-0021999,WR,Nate Burleson,N.Burleson
00-0028045,WR,Kris Durham,K.Durham
00-0027709,WR,Jacoby Ford,J.Ford
00-0027608,WR,Kyle Williams,K.Williams
00-0020494,WR,Santana Moss,S.Moss
00-0028017,WR,Leonard Hankerson,L.Hankerson
00-0029033,WR,Griff Whalen,G.Whalen
00-0029209,WR,Ryan Broyles,R.Broyles
00-0027964,WR,Jonathan Baldwin,J.Baldwin
00-0028061,WR,Tandon Doss,T.Doss
00-0026780,WR,Kevin Ogletree,K.Ogletree
00-0029707,WR,Justin Blackmon,J.Blackmon
00-0027156,WR,Tiquan Underwood,T.Underwood
00-0027092,WR,Austin Collie,A.Collie
00-0026235,WR,Mario Manningham,M.Manningham
00-0024272,WR,Devin Hester,D.Hester
00-0025414,WR,Robert Meachem,R.Meachem
00-0029155,WR,Mike Brown,M.Brown
00-0027322,WR,David Nelson,D.Nelson
00-0028086,WR,Denarius Moore,D.Moore
00-0026314,WR,Josh Morgan,J.Morgan
00-0024240,WR,Santonio Holmes,S.Holmes
00-0029435,WR,Damaris Johnson,D.Johnson
00-0026173,WR,Donnie Avery,D.Avery
00-0024297,WR,Derek Hagan,D.Hagan
00-0026937,WR,Brandon Gibson,B.Gibson
00-0026364,WR,Steve Johnson,S.Johnson
00-0022097,WR,Brandon Lloyd,B.Lloyd
00-0020498,WR,Reggie Wayne,R.Wayne
00-0026237,WR,Andre Caldwell,A.Caldwell
00-0028021,WR,Jerrel Jernigan,J.Jernigan
00-0028352,WR,Dane Sanzenbacher,D.Sanzenbacher
00-0029051,WR,Jarrett Boykin,J.Boykin
00-0025410,WR,Dwayne Bowe,D.Bowe
00-0022427,WR,Wes Welker,W.Welker
00-0027997,WR,Greg Little,G.Little
00-0030540,WR,Aaron Dobson,A.Dobson
00-0025465,WR,James Jones,J.Jones
00-0023367,WR,Nate Washington,N.Washington
00-0027077,WR,Brian Hartline,B.Hartline
00-0024267,WR,Greg Jennings,G.Jennings
00-0022811,WR,Jerricho Cotchery,J.Cotchery
00-0024466,WR,Marques Colston,M.Colston
00-0025389,WR,Calvin Johnson,C.Johnson
00-0023310,WR,Lance Moore,L.Moore
00-0030400,WR,Marlon Brown,M.Brown
00-0027450,WR,Preston Parker,P.Parker
00-0029262,WR,Rueben Randle,R.Randle
00-0023462,WR,Roddy White,R.White
00-0023921,WR,Miles Austin,M.Austin
00-0027758,WR,Riley Cooper,R.Cooper
00-0027356,WR,Marlon Moore,M.Moore
00-0029415,WR,Keshawn Martin,K.Martin
00-0024324,WR,Jason Avant,J.Avant
00-0029614,WR,Chris Givens,C.Givens
00-0026186,WR,Jerome Simpson,J.Simpson
00-0030000,WR,Kenbrell Thompkins,K.Thompkins
00-0027005,WR,Hakeem Nicks,H.Nicks
00-0026739,WR,Jordan Norwood,J.Norwood
00-0031118,WR,Corey Brown,C.Brown
00-0023496,WR,Vincent Jackson,V.Jackson
00-0022044,WR,Andre Johnson,A.Johnson
00-0030113,WR,Charles Johnson,C.Johnson
00-0026224,WR,Harry Douglas,H.Douglas
00-0030990,WR,Josh Huff,J.Huff
00-0027918,WR,Andrew Hawkins,A.Hawkins
00-0032218,WR,Dorial Green-Beckham,D.Green-Beckham
00-0020337,WR,Steve Smith,S.Smith
00-0028050,WR,Greg Salas,G.Salas
00-0026182,WR,Eddie Royal,E.Royal
00-0027265,WR,Victor Cruz,V.Cruz
00-0022084,WR,Anquan Boldin,A.Boldin
00-0032400,WR,Malcolm Mitchell,M.Mitchell
00-0030450,WR,Quinton Patton,Q.Patton
00-0029129,WR,Rod Streater,R.Streater
00-0031560,WR,Jaelen Strong,J.Strong
00-0028052,WR,Cecil Shorts,C.Shorts
00-0030460,WR,Markus Wheaton,M.Wheaton
00-0027595,WR,Bryan Walters,B.Walters
00-0031001,WR,Jeff Janis,J.Janis
00-0030047,WR,Marquess Wilson,M.Wilson
00-0028249,WR,Jeremy Ross,J.Ross
00-0031060,WR,De'Anthony Thomas,D.Thomas
00-0029580,WR,Rishard Matthews,R.Matthews
00-0027690,WR,Eric Decker,E.Decker
00-0031428,WR,Allen Robinson,A.Robinson
00-0031431,WR,Marqise Lee,M.Lee
00-0033069,WR,Braxton Miller,B.Miller
00-0033079,WR,Ricardo Louis,R.Louis
00-0027006,WR,Kenny Britt,K.Britt
00-0029708,WR,Kendall Wright,K.Wright
00-0026995,WR,Jeremy Maclin,J.Maclin
00-0030147,WR,Russell Shepard,R.Shepard
00-0028116,WR,Aldrick Robinson,A.Robinson
00-0033292,WR,Trent Taylor,T.Taylor
00-0027902,WR,Dez Bryant,D.Bryant
00-0032659,WR,Roger Lewis,R.Lewis
00-0030801,WR,Brandon Coleman,B.Coleman
00-0032166,WR,Sammie Coates,S.Coates
00-0031570,WR,Justin Hardy,J.Hardy
00-0032398,WR,Chris Moore,C.Moore
00-0030521,WR,Justin Hunter,J.Hunter
00-0027057,WR,Brandon Tate,B.Tate
00-0030091,WR,Tavarres King,T.King
00-0027089,WR,Louis Murphy,L.Murphy
00-0029394,WR,Brenton Bersin,B.Bersin
00-0027874,WR,Demaryius Thomas,D.Thomas
00-0027944,WR,Julio Jones,J.Jones
00-0034837,WR,Calvin Ridley,C.Ridley
00-0031549,WR,Nelson Agholor,N.Agholor
00-0029632,WR,Mohamed Sanu,M.Sanu
00-0026901,WR,Mike Wallace,M.Wallace
00-0031051,WR,John Brown,J.Brown
00-0026986,WR,Michael Crabtree,M.Crabtree
00-0030663,WR,Willie Snead,W.Snead
00-0028091,WR,Jeremy Kerley,J.Kerley
00-0031359,WR,Kelvin Benjamin,K.Benjamin
00-0033891,WR,Zay Jones,Z.Jones
00-0028263,WR,Andre Holmes,A.Holmes
00-0033681,WR,Keelan Cole,K.Cole
00-0033839,WR,Dede Westbrook,D.Westbrook
00-0031339,WR,Donte Moncrief,D.Moncrief
00-0031235,WR,Odell Beckham,O.Beckham
00-0032385,WR,Sterling Shepard,S.Shepard
00-0032765,WR,Michael Thomas,M.Thomas
00-0033921,WR,Chris Godwin,C.Godwin
00-0031408,WR,Mike Evans,M.Evans
00-0032009,WR,Adam Humphries,A.Humphries
00-0030564,WR,DeAndre Hopkins,D.Hopkins
00-0032208,WR,Phillip Dorsett,P.Dorsett
00-0028237,WR,Chris Hogan,C.Hogan
00-0030035,WR,Adam Thielen,A.Thielen
00-0026345,WR,Pierre Garcon,P.Garcon
00-0030068,WR,Marquise Goodwin,M.Goodwin
00-0031588,WR,Stefon Diggs,S.Diggs
00-0032951,WR,Laquon Treadwell,L.Treadwell
00-0033307,WR,Kendrick Bourne,K.Bourne
00-0033871,WR,Corey Davis,C.Davis
00-0033911,WR,Taywan Taylor,T.Taylor
00-0026035,WR,Danny Amendola,D.Amendola
00-0032778,WR,Tajae Sharpe,T.Sharpe
00-0030669,WR,Albert Wilson,A.Wilson
00-0032791,WR,Jakeem Grant,J.Grant
00-0030085,WR,Kenny Stills,K.Stills
00-0027942,WR,A.J. Green,A.Green
00-0033460,WR,John Ross,J.Ross
00-0033009,WR,Tyler Boyd,T.Boyd
00-0031068,WR,Ryan Grant,R.Grant
00-0032355,WR,Chester Rogers,C.Rogers
00-0029608,WR,T.Y. Hilton,T.Hilton
00-0033251,WR,Zach Pascal,Z.Pascal
00-0027793,WR,Antonio Brown,A.Brown
00-0031382,WR,Jarvis Landry,J.Landry
00-0033562,WR,Ryan Switzer,R.Switzer
00-0033857,WR,JuJu Smith-Schuster,J.Smith-Schuster
00-0032977,WR,Rashard Higgins,R.Higgins
00-0034772,WR,Antonio Callaway,A.Callaway
00-0030279,WR,Keenan Allen,K.Allen
00-0031325,WR,Sammy Watkins,S.Watkins
00-0029269,WR,Travis Benjamin,T.Benjamin
00-0033536,WR,Mike Williams,M.Williams
00-0032128,WR,Chris Conley,C.Conley
00-0027685,WR,Emmanuel Sanders,E.Sanders
00-0034348,WR,Courtland Sutton,C.Sutton
00-0032211,WR,Tyler Lockett,T.Lockett
00-0028434,WR,Doug Baldwin,D.Baldwin
00-0024334,WR,Brandon Marshall,B.Marshall
00-0033589,WR,David Moore,D.Moore
00-0030300,WR,Jaron Brown,J.Brown
00-0030542,WR,Terrance Williams,T.Williams
00-0029000,WR,Cole Beasley,C.Beasley
00-0032055,WR,Devin Funchess,D.Funchess
00-0029572,WR,Jarius Wright,J.Wright
00-0027996,WR,Torrey Smith,T.Smith
00-0030821,WR,Allen Hurns,A.Hurns
00-0034764,WR,Michael Gallup,M.Gallup
00-0031257,WR,Paul Richardson,P.Richardson
00-0033933,WR,Chad Williams,C.Williams
00-0034775,WR,Christian Kirk,C.Kirk
00-0031941,WR,Jamison Crowder,J.Crowder
00-0022921,WR,Larry Fitzgerald,L.Fitzgerald
00-0032760,WR,Josh Doctson,J.Doctson
00-0031228,WR,Taylor Gabriel,T.Gabriel
00-0031381,WR,Davante Adams,D.Adams
00-0032626,WR,Geronimo Allison,G.Allison
00-0034353,WR,Anthony Miller,A.Miller
00-0031023,WR,Quincy Enunwa,Q.Enunwa
00-0033932,WR,Kenny Golladay,K.Golladay
00-0029293,WR,Marvin Jones,M.Jones
00-0031189,WR,T.J. Jones,T.Jones
00-0032688,WR,Robby Anderson,R.Anderson
00-0031236,WR,Brandin Cooks,B.Cooks
00-0026176,WR,Jordy Nelson,J.Nelson
00-0033908,WR,Cooper Kupp,C.Kupp
00-0030431,WR,Robert Woods,R.Woods
00-0031166,WR,Seth Roberts,S.Roberts
00-0034827,WR,D.J. Moore,D.Moore
00-0033127,WR,Will Fuller,W.Fuller
00-0028497,WR,Kamar Aiken,K.Aiken
00-0032775,WR,Demarcus Robinson,D.Robinson
00-0029159,WR,Jermaine Kearse,J.Kearse
00-0034272,WR,Marquez Valdes-Scantling,M.Valdes-Scantling
00-0032112,WR,JJ Nelson,J.Nelson
00-0031373,WR,Martavis Bryant,M.Bryant
00-0031344,WR,Cody Latimer,C.Latimer
00-0029319,WR,Josh Bellamy,J.Bellamy
00-0031912,WR,Cameron Meredith,C.Meredith
00-0031299,WR,Jordan Matthews,J.Matthews
00-0031547,WR,DeVante Parker,D.Parker
00-0028114,WR,Dwayne Harris,D.Harris
00-0033943,WR,Josh Reynolds,J.Reynolds
00-0029664,WR,Josh Gordon,J.Gordon
00-0029137,WR,Alshon Jeffery,A.Jeffery
00-0034366,WR,Keke Coutee,K.Coutee
00-0032543,WR,Alex Erickson,A.Erickson
00-0027691,WR,Andre Roberts,A.Roberts
00-0033282,WR,Curtis Samuel,C.Samuel
00-0032362,WR,Maurice Harris,M.Harris
00-0029640,WR,Brian Quick,B.Quick
00-0029638,WR,Michael Floyd,M.Floyd
00-0032795,WR,Cody Core,C.Core
00-0032170,WR,Rashad Greene,R.Greene
00-0032054,WR,Breshad Perriman,B.Perriman
00-0030670,WR,Bennie Fowler,B.Fowler
00-0028411,WR,Dontrelle Inman,D.Inman
00-0027681,WR,Brandon LaFell,B.LaFell
00-0031544,WR,Amari Cooper,A.Cooper
00-0026983,WR,Darrius Heyward-Bey,D.Heyward-Bey
00-0027891,WR,Golden Tate,G.Tate
00-0032966,WR,Corey Coleman,C.Coleman
00-0031326,WR,Bruce Ellington,B.Ellington
00-0029388,WR,Deonte Thompson,D.Thompson
00-0030516,WR,Brice Butler,B.Butler
00-0031782,WR,Eli Rogers,E.Rogers
00-0023612,TE,Bo Scaife,B.Scaife
00-0020285,TE,Alge Crumpler,A.Crumpler
00-0021148,TE,Jeremy Shockey,J.Shockey
00-0021929,TE,Donald Lee,D.Lee
00-0021154,TE,Daniel Graham,D.Graham
00-0025540,TE,Kevin Boss,K.Boss
00-0024301,TE,David Thomas,D.Thomas
00-0021756,TE,Will Heller,W.Heller
00-0027713,TE,Aaron Hernandez,A.Hernandez
00-0026170,TE,Dustin Keller,D.Keller
00-0024369,TE,Jeff King,J.King
00-0020516,TE,Todd Heap,T.Heap
00-0027783,TE,Anthony McCoy,A.McCoy
00-0022165,TE,Dallas Clark,D.Clark
00-0023630,TE,Joel Dreessen,J.Dreessen
00-0024287,TE,Leonard Pope,L.Pope
00-0026123,TE,Evan Moore,E.Moore
00-0022738,TE,Chris Cooley,C.Cooley
00-0006101,TE,Tony Gonzalez,T.Gonzalez
00-0022922,TE,Kellen Winslow,K.Winslow
00-0024276,TE,Tony Scheffler,T.Scheffler
00-0026231,TE,Jermichael Finley,J.Finley
00-0026188,TE,Fred Davis,F.Davis
00-0023679,TE,Billy Bajema,B.Bajema
00-0027259,TE,Jake Ballard,J.Ballard
00-0022054,TE,Visanthe Shiancoe,V.Shiancoe
00-0025425,TE,Zach Miller,Z.Miller
00-0031042,TE,Jace Amaro,J.Amaro
00-0025542,TE,Dante Rosario,D.Rosario
00-0026178,TE,John Carlson,J.Carlson
00-0028007,TE,Rob Housler,R.Housler
00-0027109,TE,James Casey,J.Casey
00-0029432,TE,Chase Ford,C.Ford
00-0026931,TE,Bear Pascoe,B.Pascoe
00-0027695,TE,Tony Moeaki,T.Moeaki
00-0023465,TE,Heath Miller,H.Miller
00-0025516,TE,Scott Chandler,S.Chandler
00-0027718,TE,Garrett Graham,G.Graham
00-0027825,TE,Jim Dray,J.Dray
00-0026996,TE,Brandon Pettigrew,B.Pettigrew
00-0024313,TE,Owen Daniels,O.Daniels
00-0023752,TE,Daniel Fells,D.Fells
00-0026225,TE,Craig Stevens,C.Stevens
00-0027753,TE,Andrew Quarless,A.Quarless
00-0029910,TE,Tim Wright,T.Wright
00-0025464,TE,Matt Spaeth,M.Spaeth
00-0023506,TE,Alex Smith,A.Smith
00-0026267,TE,Jacob Tamme,J.Tamme
00-0027135,TE,Brandon Myers,B.Myers
00-0026281,TE,Gary Barnidge,G.Barnidge
00-0029697,TE,Coby Fleener,C.Fleener
00-0032256,TE,Clive Walford,C.Walford
00-0030992,TE,Crockett Gillmore,C.Gillmore
00-0027714,TE,Dennis Pitta,D.Pitta
00-0028040,TE,Jordan Cameron,J.Cameron
00-0028838,TE,Larry Donnell,L.Donnell
00-0026298,TE,Kellen Davis,K.Davis
00-0030514,TE,Mychal Rivera,M.Rivera
00-0027725,TE,Clay Harbor,C.Harbor
00-0030544,TE,Gavin Escobar,G.Escobar
00-0031609,TE,A.J. Derby,A.Derby
00-0029275,TE,Ladarius Green,L.Green
00-0032004,TE,Will Tye,W.Tye
00-0025549,TE,Brent Celek,B.Celek
00-0032725,TE,Stephen Anderson,S.Anderson
00-0031302,TE,C.J. Fiedorowicz,C.Fiedorowicz
00-0027125,TE,Zach Miller,Z.Miller
00-0033895,TE,Gerald Everett,G.Everett
00-0026201,TE,Martellus Bennett,M.Bennett
00-0022127,TE,Jason Witten,J.Witten
00-0027732,TE,Michael Hoomanawanui,M.Hoomanawanui
00-0028067,TE,Julius Thomas,J.Thomas
00-0033090,TE,Hunter Henry,H.Henry
00-0031384,TE,Richard Rodgers,R.Rodgers
00-0029634,TE,James Hanna,J.Hanna
00-0024268,TE,Anthony Fasano,A.Fasano
00-0032098,TE,Daniel Brown,D.Brown
00-0027321,TE,Jeff Cumberland,J.Cumberland
00-0032392,TE,Austin Hooper,A.Hooper
00-0030061,TE,Zach Ertz,Z.Ertz
00-0031598,TE,Nick Boyle,N.Boyle
00-0034753,TE,Mark Andrews,M.Andrews
00-0031558,TE,Maxx Williams,M.Williams
00-0028112,TE,Charles Clay,C.Clay
00-0029587,TE,Rhett Ellison,R.Ellison
00-0031418,TE,Austin Seferian-Jenkins,A.Seferian-Jenkins
00-0028093,TE,Niles Paul,N.Paul
00-0033881,TE,Evan Engram,E.Engram
00-0031951,TE,James O'Shaughnessy,J.O'Shaughnessy
00-0022943,TE,Ben Watson,B.Watson
00-0031273,TE,Cameron Brate,C.Brate
00-0033879,TE,O.J. Howard,O.Howard
00-0030216,TE,Josh Hill,J.Hill
00-0027656,TE,Rob Gronkowski,R.Gronkowski
00-0030108,TE,Ryan Griffin,R.Griffin
00-0033288,TE,George Kittle,G.Kittle
00-0027981,TE,Kyle Rudolph,K.Rudolph
00-0024389,TE,Delanie Walker,D.Walker
00-0028042,TE,Luke Stocker,L.Stocker
00-0033858,TE,Jonnu Smith,J.Smith
00-0030181,TE,Jack Doyle,J.Doyle
00-0030549,TE,Tyler Eifert,T.Eifert
00-0031387,TE,Eric Ebron,E.Ebron
00-0032214,TE,Tyler Kroft,T.Kroft
00-0032134,TE,C.J. Uzomah,C.Uzomah
00-0033885,TE,David Njoku,D.Njoku
00-0032135,TE,Jesse James,J.James
00-0029738,TE,Darren Fells,D.Fells
00-0030506,TE,Travis Kelce,T.Kelce
00-0028142,TE,Virgil Green,V.Green
00-0021547,TE,Antonio Gates,A.Gates
00-0032227,TE,Jeff Heuerman,J.Heuerman
00-0032394,TE,Nick Vannett,N.Vannett
00-0025418,TE,Greg Olsen,G.Olsen
00-0030472,TE,Jordan Reed,J.Reed
00-0024221,TE,Vernon Davis,V.Davis
00-0033611,TE,Ricky Seals-Jones,R.Seals-Jones
00-0030710,TE,Trey Burton,T.Burton
00-0027696,TE,Jimmy Graham,J.Graham
00-0030422,TE,Dion Sims,D.Sims
00-0027985,TE,Lance Kendricks,L.Kendricks
00-0030089,TE,Luke Willson,L.Willson
00-0030443,TE,Levine Toilolo,L.Toilolo
00-0027061,TE,Jared Cook,J.Cook
00-0029119,TE,Derek Carrier,D.Carrier
00-0027215,TE,Logan Paulsen,L.Paulsen
00-0030470,TE,Vance McDonald,V.McDonald
00-0034766,TE,Chris Herndon,C.Herndon
00-0024243,TE,Marcedes Lewis,M.Lewis
00-0028903,TE,Garrett Celek,G.Celek
00-0033110,TE,Tyler Higbee,T.Higbee
00-0030155,TE,Demetrius Harris,D.Harris
00-0027873,TE,Jermaine Gresham,J.Gresham
00-0029689,TE,Dwayne Allen,D.Allen
00-0028097,TE,Lee Smith,L.Smith
00-0032117,TE,Nick O'Leary,N.O'Leary
00-0032062,TE,Blake Bell,B.Bell
00-0027675,TE,Ed Dickson,E.Dickson
00-0027139,TE,John Phillips,J.Phillips
00-0025749,QB,Richard Bartel,R.Bartel
00-0020608,QB,David Carr,D.Carr
00-0029151,QB,Matt Simms,M.Simms
00-0032893,QB,Connor Cook,C.Cook
00-0031076,QB,David Fales,D.Fales
00-0032792,QB,Nate Sudfeld,N.Sudfeld
00-0024260,RB,LenDale White,L.White
00-0023063,RB,Leonard Weaver,L.Weaver
00-0019863,RB,Dominic Rhodes,D.Rhodes
00-0027150,WR,Julian Edelman,J.Edelman
00-0028002,WR,Randall Cobb,R.Cobb
00-0022405,RB,Lousaka Polite,L.Polite
00-0026432,RB,Lance Ball,L.Ball
00-0022217,RB,Mewelde Moore,M.Moore
00-0027120,RB,Javon Ringer,J.Ringer
00-0026209,RB,Jacob Hester,J.Hester
00-0027346,RB,Alfonso Smith,A.Smith
00-0028613,RB,Phillip Tanner,P.Tanner
00-0023176,RB,Josh Cribbs,J.Cribbs
00-0024318,RB,Brad Smith,B.Smith
00-0027779,RB,Deji Karim,D.Karim
00-0026998,WR,Percy Harvin,P.Harvin
00-0025396,WR,Ted Ginn,T.Ginn
00-0030705,RB,Juwan Thompson,J.Thompson
00-0029260,RB,LaMichael James,L.James
00-0030536,RB,Zac Stacy,Z.Stacy
00-0029612,RB,Daryl Richardson,D.Richardson
00-0031066,RB,Lorenzo Taliaferro,L.Taliaferro
00-0026393,RB,Marcel Reece,M.Reece
00-0026069,RB,Mike Tolbert,M.Tolbert
00-0031277,RB,Branden Oliver,B.Oliver
00-0029492,RB,Jamize Olawale,J.Olawale
00-0029004,RB,Lance Dunbar,L.Dunbar
00-0031682,RB,Terron Ward,T.Ward
00-0031332,RB,Fitzgerald Toussaint,F.Toussaint
00-0033725,RB,Corey Clement,C.Clement
00-0032411,RB,Kenneth Dixon,K.Dixon
00-0034750,RB,Rashaad Penny,R.Penny
00-0030525,RB,Tavon Austin,T.Austin
00-0034681,RB,Chase Edmonds,C.Edmonds
00-0034378,RB,Ito Smith,I.Smith
00-0029795,RB,Benny Cunningham,B.Cunningham
00-0031102,RB,Kapri Bibbs,K.Bibbs
00-0024315,WR/TE,Michael Robinson,M.Robinson
00-0026852,WR/TE,Darrel Young,D.Young
00-0014655,WR/TE,Mike Sellers,M.Sellers
00-0022897,WR/TE,Greg Jones,G.Jones
00-0024756,WR/TE,Matt Willis,M.Willis
00-0026029,WR/TE,Kregg Lumpkin,K.Lumpkin
00-0029892,FB,Kyle Juszczyk,K.Juszczyk
00-0029548,WR/TE,LaVon Brazill,L.Brazill
00-0028020,WR/TE,Vincent Brown,V.Brown
00-0028841,WR/TE,Wesley Johnson,W.Johnson
00-0029848,WR/TE,Nick Williams,N.Williams
00-0024824,,Matt Gutierrez,M.Gutierrez
00-0004091,K,Phil Dawson,P.Dawson
00-0008484,P,Dirk Johnson,D.Johnson
00-0010609,P,Brad Maynard,B.Maynard
00-0027804,,Levi Brown,L.Brown
00-0025499,,Daniel Sepulveda,D.Sepulveda
00-0028427,P,Chas Henry,C.Henry
00-0000108,K,David Akers,D.Akers
00-0019310,K,Rian Lindell,R.Lindell
00-0028347,P,Spencer Lanning,S.Lanning
00-0029143,,Josh Bush,J.Bush
00-0023234,P,Michael Koenen,M.Koenen
00-0027114,P,Thomas Morstead,T.Morstead
00-0025592,,Jordan Palmer,J.Palmer
00-0030586,,Ryan Nassib,R.Nassib
00-0029623,,Alex Tanney,A.Tanney
00-0031203,K,Cairo Santos,C.Santos
00-0029493,P,Ryan Quigley,R.Quigley
00-0033400,P,Matt Haack,M.Haack
00-0028954,FS,Robert Golden,R.Golden
00-0032630,,Joe Callahan,J.Callahan
00-0033132,FS,Kevin Byard,K.Byard
00-0034162,P,JK Scott,J.Scott
00-0034437,P,Logan Cooke,L.Cooke
00-0034064,P,Colby Wadman,C.Wadman
00-0031136,K,Chris Boswell,C.Boswell
00-0034369,,Kyle Lauletta,K.Lauletta
00-0031395,,Garrett Gilbert,G.Gilbert
00-0023853,K,Matt Prater,M.Prater
00-0002099,WR,Isaac Bruce,I.Bruce
00-0015194,P,Hunter Smith,H.Smith
00-0025562,,Oren O'Neal,O.O'Neal
00-0026132,,Matt Lawrence,M.Lawrence
00-0021187,FS,Jon McGraw,J.McGraw
00-0005755,,Jeff Garcia,J.Garcia
00-0026319,,Xavier Omon,X.Omon
00-0022167,FS,Chris Crocker,C.Crocker
00-0022003,FB,B.J. Askew,B.Askew
00-0022296,,Justin Jenkins,J.Jenkins
00-0008241,,Edgerrin James,E.James
00-0021306,,Adrian Peterson,A.Peterson
00-0026453,,Dantrell Savage,D.Savage
00-0026113,,Clifton Smith,C.Smith
00-0005113,P,Jeff Feagles,J.Feagles
00-0023251,FB,Kyle Eckel,K.Eckel
00-0025841,,Louis Rankin,L.Rankin
00-0025997,,Chad Simpson,C.Simpson
00-0022434,,Carey Davis,C.Davis
00-0023470,WR,Reggie Brown,R.Brown
00-0026716,,Quan Cosby,Q.Cosby
00-0023443,FS,Antrel Rolle,A.Rolle
00-0025934,WR,Lance Long,L.Long
00-0024846,FB,Gary Russell,G.Russell
00-0020462,,LaMont Jordan,L.Jordan
00-0022011,FB,Justin Griffith,J.Griffith
00-0001477,WR,Marty Booker,M.Booker
00-0015601,,Aaron Stecker,A.Stecker
00-0027056,,Derrick Williams,D.Williams
00-0025544,WR,David Clowney,D.Clowney
00-0019100,FB,Brad Hoover,B.Hoover
00-0026769,,Kory Sheets,K.Sheets
00-0027020,,Pat White,P.White
00-0020653,,Kalvin Pearson,K.Pearson
00-0027122,WR,Quinten Lawrence,Q.Lawrence
00-0027141,,Javarris Williams,J.Williams
00-0024561,,Marcus Mason,M.Mason
00-0022141,FB,Jeremi Johnson,J.Johnson
00-0021296,,J.T. O'Sullivan,J.O'Sullivan
00-0006305,,Ahman Green,A.Green
00-0026121,RB,Lynell Hamilton,L.Hamilton
00-0019921,P,Jason Baker,J.Baker
00-0026844,,Garrison Sanborn,G.Sanborn
00-0001231,,Josh Bidwell,J.Bidwell
00-0023774,FB,Naufahu Tahi,N.Tahi
00-0026620,,Devin Moore,D.Moore
00-0011626,P,Brian Moorman,B.Moorman
00-0027815,P,Matt Dodge,M.Dodge
00-0026819,,Kareem Huggins,K.Huggins
00-0025461,,Yamon Figurs,Y.Figurs
00-0023642,P,Reggie Hodges,R.Hodges
00-0020507,FB,Heath Evans,H.Evans
00-0025447,C,Samson Satele,S.Satele
00-0025995,,Jordan Senn,J.Senn
00-0020804,FB,Corey McIntyre,C.McIntyre
00-0025672,FB,Tim Castille,T.Castille
00-0026012,,Jehuu Caulcrick,J.Caulcrick
00-0021488,P,Mat McBriar,M.McBriar
00-0022746,TE,Jeff Dugan,J.Dugan
00-0027776,,Carlton Mitchell,C.Mitchell
00-0021679,DE,Shaun Smith,S.Smith
00-0020508,FB,Moran Norris,M.Norris
00-0025955,,Albert Young,A.Young
00-0027130,,James Davis,J.Davis
00-0022001,,Kevin Curtis,K.Curtis
00-0027467,,Javarris James,J.James
00-0025480,,Garrett Wolfe,G.Wolfe
00-0024172,FB,Patrick Cobbs,P.Cobbs
00-0027201,,Dimitri Nance,D.Nance
00-0026790,,Tyrell Sutton,T.Sutton
00-0026723,,Chris Pressley,C.Pressley
00-0027220,WR,Naaman Roosevelt,N.Roosevelt
00-0013694,FB,Tony Richardson,T.Richardson
00-0020514,,Michael Bennett,M.Bennett
00-0024738,,Eldra Buckley,E.Buckley
00-0027419,FB,Chris Gronkowski,C.Gronkowski
00-0022288,RB,Jason Wright,J.Wright
00-0025615,,DeShawn Wynn,D.Wynn
00-0027098,,Gartrell Johnson,G.Johnson
00-0027010,S,Patrick Chung,P.Chung
00-0024234,CB,Antonio Cromartie,A.Cromartie
00-0027722,,Mike Kafka,M.Kafka
00-0016689,,Matt Turk,M.Turk
00-0022824,P,Andy Lee,A.Lee
00-0026947,,Eddie Williams,E.Williams
00-0028125,,Allen Bradford,A.Bradford
00-0022143,FB,Ovie Mughelli,O.Mughelli
00-0027412,FB,Manase Tonga,M.Tonga
00-0028179,,David Ausberry,D.Ausberry
00-0023534,P,Dustin Colquitt,D.Colquitt
00-0028062,FB,Owen Marecic,O.Marecic
00-0027755,,David Reed,D.Reed
00-0021147,,Donte' Stallworth,D.Stallworth
00-0026985,NT,B.J. Raji,B.Raji
00-0025573,,Thomas Clayton,T.Clayton
00-0027308,,Jeremy Horne,J.Horne
00-0027188,,Chad Hall,C.Hall
00-0027660,DB,Javier Arenas,J.Arenas
00-0020267,P,Nick Harris,N.Harris
00-0026607,,Brock Bolen,B.Bolen
00-0022912,,J.P. Losman,J.Losman
00-0027129,,Aaron Brown,A.Brown
00-0021647,WR,Jerheme Urban,J.Urban
00-0026323,FB,Spencer Larsen,S.Larsen
00-0026963,TE,Cameron Morrah,C.Morrah
00-0026516,P,Britton Colquitt,B.Colquitt
00-0026353,,Chauncey Washington,C.Washington
00-0027093,FB,Tony Fiammetta,T.Fiammetta
00-0022341,SS,George Wilson,G.Wilson
00-0025458,,Lorenzo Booker,L.Booker
00-0023060,P,Chris Kluwe,C.Kluwe
00-0024489,FB,Ahmard Hall,A.Hall
00-0028574,,Mossis Madu,M.Madu
00-0025524,FB,Le'Ron McClain,L.McClain
00-0028208,,John Clay,J.Clay
00-0026799,,Jeremiah Johnson,J.Johnson
00-0028602,,Brandon Saine,B.Saine
00-0028070,,Kealoha Pilares,K.Pilares
00-0019714,P,Shane Lechler,S.Lechler
00-0027819,,Dorin Dickerson,D.Dickerson
00-0023537,,Sean Considine,S.Considine
00-0028071,,Johnny White,J.White
00-0027602,,Graham Harrell,G.Harrell
00-0022409,FS,Jordan Babineaux,J.Babineaux
00-0029673,,DeVier Posey,D.Posey
00-0029358,RB,Nate Eachus,N.Eachus
00-0027115,S,Chris Clemons,C.Clemons
00-0024394,FB,Lawrence Vickers,L.Vickers
00-0026346,FS,Haruki Nakamura,H.Nakamura
00-0027618,,Brandon Banks,B.Banks
00-0028646,,David Gilreath,D.Gilreath
00-0028170,,Baron Batch,B.Batch
00-0026303,FB,Owen Schmitt,O.Schmitt
00-0025488,P,Adam Podlesh,A.Podlesh
00-0027067,SS,Rashad Johnson,R.Johnson
00-0029422,,Keith Tandy,K.Tandy
00-0026491,,Stefan Logan,S.Logan
00-0029271,,Joe Adams,J.Adams
00-0027106,FB,Quinn Johnson,Q.Johnson
00-0028068,,Jamie Harper,J.Harper
00-0019770,K,Jay Feely,J.Feely
00-0028565,,Armando Allen,A.Allen
00-0026344,FB,Lex Hilliard,L.Hilliard
00-0028163,,Anthony Allen,A.Allen
00-0023316,,Raymond Ventrone,R.Ventrone
00-0029140,,Chris Rainey,C.Rainey
00-0028416,,Richard Murphy,R.Murphy
00-0027257,RB,Keith Toston,K.Toston
00-0028876,,Collin Mooney,C.Mooney
00-0026033,FB,Mike Cox,M.Cox
00-0029597,K,Justin Tucker,J.Tucker
00-0028082,FS,Shiloh Keo,S.Keo
00-0028174,WR,Stephen Burton,S.Burton
00-0027583,,Richie Brockel,R.Brockel
00-0029853,,Josh Aubrey,J.Aubrey
00-0029722,,Jeff Demps,J.Demps
00-0025513,FS,Dashon Goldson,D.Goldson
00-0028159,RB,Da'Rel Scott,D.Scott
00-0028706,,Armond Smith,A.Smith
00-0026557,FB,Will Ta'ufo'ou,W.Ta'ufo'ou
00-0025825,P,Brett Kern,B.Kern
00-0027378,,Chris Maragos,C.Maragos
00-0025951,,Darius Reynaud,D.Reynaud
00-0030078,,Johnathan Franklin,J.Franklin
00-0027606,,Trindon Holliday,T.Holliday
00-0026644,,Josh Vaughan,J.Vaughan
00-0030092,P,Sam Martin,S.Martin
00-0027692,,Armanti Edwards,A.Edwards
00-0028598,FS,M.D. Jennings,M.Jennings
00-0029868,,Skye Dawson,S.Dawson
00-0023001,K,Shaun Suisham,S.Suisham
00-0022397,FB,Vonta Leach,V.Leach
00-0029791,,Ronnie Wingo,R.Wingo
00-0027943,LCB,Patrick Peterson,P.Peterson
00-0025612,P,Brandon Fields,B.Fields
00-0030043,WR,Da'Rick Rogers,D.Rogers
00-0026317,,Corey Lynch,C.Lynch
00-0027103,P,Kevin Huber,K.Huber
00-0030236,RB,Dennis Johnson,D.Johnson
00-0028178,FB,Stanley Havili,S.Havili
00-0029006,,Saalim Hakim,S.Hakim
00-0029098,WR,Eric Page,E.Page
00-0030233,,Ray Graham,R.Graham
00-0030573,T,Sheldon Richardson,S.Richardson
00-0030320,,Michael Hill,M.Hill
00-0029984,P,Ryan Allen,R.Allen
00-0024110,P,Steve Weatherford,S.Weatherford
00-0030780,RB,Ryan Hewitt,R.Hewitt
00-0030653,FB,Ray Agnew,R.Agnew
00-0029298,,Cyrus Gray,C.Gray
00-0029401,,Tauren Poole,T.Poole
00-0030839,,Solomon Patton,S.Patton
00-0029654,WR,A.J. Jenkins,A.Jenkins
00-0024796,FS,Craig Dahl,C.Dahl
00-0030142,P,Brad Wing,B.Wing
00-0031187,,Robert Herron,R.Herron
00-0031123,RB,Darrin Reaves,D.Reaves
00-0029317,,Edwin Baker,E.Baker
00-0026926,FB,Frank Summers,F.Summers
00-0031079,P,Pat O'Donnell,P.O'Donnell
00-0027914,SS,Andrew Sendejo,A.Sendejo
00-0028532,WR,Joe Morgan,J.Morgan
00-0029463,,De'Andre Presley,D.Presley
00-0027083,S,David Bruton,D.Bruton
00-0030140,P,Tress Way,T.Way
00-0028492,FB,Henry Hynoski,H.Hynoski
00-0027422,,Danny McCray,D.McCray
00-0027844,FB,Erik Lorig,E.Lorig
00-0031243,RB,Storm Johnson,S.Johnson
00-0031008,,Silas Redd,S.Redd
00-0029667,WR,Nick Toon,N.Toon
00-0028905,,Chris Owusu,C.Owusu
00-0027739,FB,John Conner,J.Conner
00-0029441,,Jeremy Stewart,J.Stewart
00-0028345,RB,Robert Hughes,R.Hughes
00-0030999,,Marion Grice,M.Grice
00-0031392,,Dri Archer,D.Archer
00-0031450,,Josh Harris,J.Harris
00-0026072,FB,Jed Collins,J.Collins
00-0028442,,Ricardo Lockette,R.Lockette
00-0031526,,Tyler Varga,T.Varga
00-0029619,FB,Jorvorskie Lane,J.Lane
00-0027539,,Anthony Levine,A.Levine
00-0029729,FB,Austin Johnson,A.Johnson
00-0030856,,Tony Washington,T.Washington
00-0030569,,Sean Renfree,S.Renfree
00-0031611,,Josh Robinson,J.Robinson
00-0030248,,Cierre Wood,C.Wood
00-0026578,SS,Colt Anderson,C.Anderson
00-0027862,DT,Tyson Alualu,T.Alualu
00-0030405,P,Jeff Locke,J.Locke
00-0031830,,Alonzo Harris,A.Harris
00-0026408,T,Joe Reitz,J.Reitz
00-0029304,P,Brad Nortman,B.Nortman
00-0030247,,George Winn,G.Winn
00-0031459,,Glenn Winston,G.Winston
00-0026577,,Marcus Thigpen,M.Thigpen
00-0030855,,Zurlon Tipton,Z.Tipton
00-0028149,FB,Bruce Miller,B.Miller
00-0018227,S,Charles Woodson,C.Woodson
00-0028564,SS,Isa Abdul-Quddus,I.Abdul-Quddus
00-0030039,,Kendall Gaskins,K.Gaskins
00-0031493,RB,Jarryd Hayne,J.Hayne
00-0032122,,Joey Iosefa,J.Iosefa
00-0030120,,B.J. Daniels,B.Daniels
00-0030114,FS,Jordan Poyer,J.Poyer
00-0026664,P,Tim Masthay,T.Masthay
00-0031826,,John Crockett,J.Crockett
00-0032123,,Tre McBride,T.McBride
00-0031531,,Trey Williams,T.Williams
00-0032250,,Kasen Williams,K.Williams
00-0027949,DE,J.J. Watt,J.Watt
00-0029191,RCB,DeShawn Shead,D.Shead
00-0031291,WR,James Wright,J.Wright
00-0028063,,Taiwan Jones,T.Jones
00-0031545,WR,Kevin White,K.White
00-0028952,P,Drew Butler,D.Butler
00-0031768,,Terrence Magee,T.Magee
00-0029626,,Isaiah Pead,I.Pead
00-0032068,FB,Malcolm Johnson,M.Johnson
00-0026293,,Matthew Slater,M.Slater
00-0031514,,Quan Bray,Q.Bray
00-0031502,P,Jordan Berry,J.Berry
00-0031818,,Bradley Marquez,B.Marquez
00-0029688,NT,Dontari Poe,D.Poe
00-0032449,P,Lac Edwards,L.Edwards
00-0032804,,Daniel Lasco,D.Lasco
00-0030551,P,Colton Schmidt,C.Schmidt
00-0026855,,Antone Smith,A.Smith
00-0031716,P,Matt Darr,M.Darr
00-0032636,RB,Don Jackson,D.Jackson
00-0029690,LCB,Trumaine Johnson,T.Johnson
00-0029050,CB,Antwon Blake,A.Blake
00-0031706,FB,Paul Lasike,P.Lasike
00-0027905,FB,Will Tukuafu,W.Tukuafu
00-0031684,,Shane Wynn,S.Wynn
00-0031746,,George Farmer,G.Farmer
00-0022684,P,Donnie Jones,D.Jones
00-0033164,,Troymaine Pope,T.Pope
00-0031757,WR,Lucky Whitehead,L.Whitehead
00-0028059,S,Chris Prosinski,C.Prosinski
00-0027145,P,Pat McAfee,P.McAfee
00-0024417,P,Sam Koch,S.Koch
00-0029822,K,Brandon McManus,B.McManus
00-0027816,,Marc Mariani,M.Mariani
00-0032365,WR,Demarcus Ayers,D.Ayers
00-0033098,,Cardale Jones,C.Jones
00-0032844,,Brandon Burks,B.Burks
00-0026286,FB,Jerome Felton,J.Felton
00-0032482,,Bralon Addison,B.Addison
00-0029048,,Joe Banyard,J.Banyard
00-0032935,,Johnny Holton,J.Holton
00-0023742,P,Jon Ryan,J.Ryan
00-0032462,,Trevone Boykin,T.Boykin
00-0032375,,Joe Kerridge,J.Kerridge
00-0031085,FB,Jay Prosch,J.Prosch
00-0028908,S,Michael Thomas,M.Thomas
00-0031420,,Kasey Redfern,K.Redfern
00-0032431,,Jake Rudock,J.Rudock
00-0032404,,Tyler Ervin,T.Ervin
00-0031868,WR,Damiere Byrd,D.Byrd
00-0028130,P,Matthew Bosher,M.Bosher
00-0032048,,Mack Brown,M.Brown
00-0030743,,Bernard Reedy,B.Reedy
00-0032188,,Vince Mayle,V.Mayle
00-0032377,,Josh Ferguson,J.Ferguson
00-0032724,WR,Bryce Treggs,B.Treggs
00-0033662,,Cooper Rush,C.Rush
00-0031793,,Terrell Watson,T.Watson
00-0033838,,Trey Edmunds,T.Edmunds
00-0032130,FB,Jalston Fowler,J.Fowler
00-0033878,CB,Adoree' Jackson,A.Jackson
00-0031070,,Nat Berhe,N.Berhe
00-0032464,,Kalif Raymond,K.Raymond
00-0029570,,Nate Ebner,N.Ebner
00-0031612,FB,Aaron Ripkowski,A.Ripkowski
00-0032423,,Trevor Davis,T.Davis
00-0033916,WR,ArDarius Stewart,A.Stewart
00-0029123,P,Marquette King,M.King
00-0033111,WR,Pharoh Cooper,P.Cooper
00-0031512,,Jermaine Whitehead,J.Whitehead
00-0024535,,Eric Weems,E.Weems
00-0033384,,LeShun Daniels,L.Daniels
00-0033266,,Jojo Natson,J.Natson
00-0032740,FB,Lawrence Thomas,L.Thomas
00-0028664,P,Chris Jones,C.Jones
00-0031025,,Michael Campanaro,M.Campanaro
00-0033859,WR,Josh Malone,J.Malone
00-0033387,TE,Jacob Hollister,J.Hollister
00-0033596,,Matthew Dayes,M.Dayes
00-0032298,,Bronson Hill,B.Hill
00-0031595,FB,Michael Burton,M.Burton
00-0033304,,Devante Mays,D.Mays
00-0033748,,Tion Green,T.Green
00-0031743,,Akeem Hunt,A.Hunt
00-0030151,,Tyler Bray,T.Bray
00-0032569,K,Wil Lutz,W.Lutz
00-0029878,,MarQueis Gray,M.Gray
00-0024348,LDT,Kyle Williams,K.Williams
00-0031209,,Senorise Perry,S.Perry
00-0032577,,D.J. Foster,D.Foster
00-0032115,WR,Kaelin Clay,K.Clay
00-0034721,P,Corey Bojorquez,C.Bojorquez
00-0031363,P,Michael Palardy,M.Palardy
00-0034560,,Justin Jones,J.Jones
00-0032975,,Jonathan Williams,J.Williams
00-0032980,,Marcus Johnson,M.Johnson
00-0030968,FB,Keith Smith,K.Smith
00-0033955,,Jeremy McNichols,J.McNichols
00-0033572,,Jamal Agnew,J.Agnew
00-0034201,,De'Lance Turner,D.Turner
00-0032593,,Brandon Wilds,B.Wilds
00-0029249,DE,Melvin Ingram,M.Ingram
00-0032065,P,Bradley Pinion,B.Pinion
00-0029068,FB,Derrick Coleman,D.Coleman
00-0034830,,Hayden Hurst,H.Hurst
00-0034816,,Ronald Jones,R.Jones
00-0032472,FB,Tre Madden,T.Madden
00-0034160,P,Michael Dickson,M.Dickson
00-0034221,,Roc Thomas,R.Thomas
00-0034208,,Mike Boone,M.Boone
00-0031687,,Raheem Mostert,R.Mostert
00-0029410,S,Tavon Wilson,T.Wilson
00-0028872,P,Johnny Hekker,J.Hekker
00-0028292,FB,Nick Bellore,N.Bellore
00-0030711,,David Fluellen,D.Fluellen
00-0034621,,Shaun Wilson,S.Wilson
00-0034684,P,Johnny Townsend,J.Townsend
00-0032393,,C.J. Prosise,C.Prosise
00-0033060,,Leonte Carroo,L.Carroo
00-0034179,,Raven Greene,R.Greene
00-0030196,SS,Jeff Heath,J.Heath
00-0033928,CB,Jourdan Lewis,J.Lewis
00-0034339,WR,Trey Quinn,T.Quinn
00-0034652,WR,Cameron Batson,C.Batson
00-0030112,FB,Tommy Bohanon,T.Bohanon
00-0029657,DT,Akiem Hicks,A.Hicks
00-0034679,,Mark Walton,M.Walton
00-0034860,WR,Dante Pettis,D.Pettis
00-0033464,,Jehu Chesson,J.Chesson
00-0032964,,Byron Marshall,B.Marshall
00-0028074,FB,Anthony Sherman,A.Sherman
00-0033094,,Marvin Hall,M.Hall
00-0032956,FB,Andy Janovich,A.Janovich
00-0033949,,Joshua Dobbs,J.Dobbs
00-0034565,,Detrez Newsome,D.Newsome
00-0031763,WR,DeAndre Carter,D.Carter
00-0034646,WR,Brandon Powell,B.Powell
00-0028581,FB,Patrick DiMarco,P.DiMarco
00-0033466,WR,Isaiah McKenzie,I.McKenzie
00-0034407,FB,Ray-Ray McCloud,R.McCloud
00-0029692,P,Bryan Anger,B.Anger
00-0033789,,T.J. Logan,T.Logan
00-0031610,,Darren Waller,D.Waller
00-0032813,RB,Elijhaa Penny,E.Penny
00-0032943,P,Riley Dixon,R.Dixon
00-0033760,,Justin Davis,J.Davis
00-0031972,,Darius Jennings,D.Jennings
00-0032807,DB,Clayton Fejedelem,C.Fejedelem
00-0026189,WR,DeSean Jackson,D.Jackson
00-0032918,RB,C.J. Ham,C.Ham
00-0034509,RB,Keith Ford,K.Ford
00-0030170,FS,Rontez Miles,R.Miles
00-0030741,,Roosevelt Nix,R.Nix
00-0033375,WR,Tim Patrick,T.Patrick
00-0034799,,Kalen Ballage,K.Ballage
00-0033567,,Brian Hill,B.Hill
00-0033049,,Darius Jackson,D.Jackson
00-0033296,FB,Alex Armah,A.Armah
00-0032881,WR,Tommylee Lewis,T.Lewis
00-0034164,,Trenton Cannon,T.Cannon
00-0033581,,De'Angelo Henderson,D.Henderson
00-0034427,,David Williams,D.Williams
00-0032897,FB,Derek Watt,D.Watt
00-0034808,,John Kelly,J.Kelly
00-0033373,WR,Taquan Mizzell,T.Mizzell
00-0033040,WR,Tyreek Hill,T.Hill
00-0027925,FB,James Develin,J.Develin
00-0034765,WR,Tre'Quan Smith,T.Smith
00-0029931,FB,Zach Line,Z.Line
00-0033357,TE,Taysom Hill,T.Hill
00-0030578,WR,Cordarrelle Patterson,C.Patterson
00-0023442,WR,Troy Williamson,T.Williamson
00-0025609,TE,Derek Schouman,D.Schouman
00-0021189,,Ryan Denney,R.Denney
00-0022882,,Mark Jones,M.Jones
00-0004915,,Bobby Engram,B.Engram
00-0026999,RT,Michael Oher,M.Oher
00-0012023,,Jamar Nesbit,J.Nesbit
00-0024682,,Michael Matthews,M.Matthews
00-0022277,,John Standeford,J.Standeford
00-0011641,,Sean Morey,S.Morey
00-0026333,,Jaymar Johnson,J.Johnson
00-0024259,,Sinorice Moss,S.Moss
00-0021279,FB,Verron Haynes,V.Haynes
00-0023518,,Chris Henry,C.Henry
00-0022817,TE,Sean Ryan,S.Ryan
00-0025619,C,Steve Vallos,S.Vallos
00-0026372,TE,Keith Zinger,K.Zinger
00-0026272,TE,Derek Fine,D.Fine
00-0007213,TE,Steve Heiden,S.Heiden
00-0023797,TE,Darcy Johnson,D.Johnson
00-0026022,,Jake Allen,J.Allen
00-0026396,,Maurice Purify,M.Purify
00-0019281,WR,Mike Furrey,M.Furrey
00-0023784,,Greg Estandia,G.Estandia
00-0022126,,L.J. Smith,L.Smith
00-0026193,,Limas Sweed,L.Sweed
00-0023740,,Thomas Gafford,T.Gafford
00-0021525,WR,Casey Fitzsimmons,C.Fitzsimmons
00-0019502,RT,Mark Tauscher,M.Tauscher
00-0024312,S,Eric Smith,E.Smith
00-0024714,,Edgar Jones,E.Jones
00-0019587,,Terrelle Smith,T.Smith
00-0024390,LG,Kevin Boothe,K.Boothe
00-0023531,,Brandon Jones,B.Jones
00-0026216,TE,Brad Cottam,B.Cottam
00-0022000,TE,Wayne Hunter,W.Hunter
00-0021166,WR,Josh Reed,J.Reed
00-0019135,FB,Dan Kreider,D.Kreider
00-0022529,FB,Luke Lawton,L.Lawton
00-0020268,TE,Tony Stewart,T.Stewart
00-0023920,T,Dennis Roland,D.Roland
00-0026355,,Justin Harper,J.Harper
00-0021255,TE,John Owens,J.Owens
00-0023620,LT,Will Svitek,W.Svitek
00-0026181,,James Hardy,J.Hardy
00-0026562,,Tyler Grisham,T.Grisham
00-0026100,,Nate Hughes,N.Hughes
00-0022484,TE,J.P. Foschi,J.Foschi
00-0024432,WR,Todd Watkins,T.Watkins
00-0024825,TE,Jake Nordin,J.Nordin
00-0026336,TE,Tom Santi,T.Santi
00-0024261,TE,Joe Klopfenstein,J.Klopfenstein
00-0025992,,Sam Giguere,S.Giguere
00-0026276,WR,Kenny Moore,K.Moore
00-0020550,TE,Darnell Dinkins,D.Dinkins
00-0026026,TE,Joey Haynos,J.Haynos
00-0021175,WR,Andre' Davis,A.Davis
00-0020805,FB,Jason McKie,J.McKie
00-0022706,TE,Michael Gaines,M.Gaines
00-0019127,TE,Todd Yoder,T.Yoder
00-0026191,WR,Malcolm Kelly,M.Kelly
00-0026959,,Marko Mitchell,M.Mitchell
00-0023832,TE,Spencer Havner,S.Havner
00-0025582,FB,Deon Anderson,D.Anderson
00-0024171,,Wallace Wright,W.Wright
00-0026665,,John Matthews,J.Matthews
00-0026249,C,Mike McGlynn,M.McGlynn
00-0026598,,Jerome Johnson,J.Johnson
00-0022901,,Ernest Wilford,E.Wilford
00-0003035,,Desmond Clark,D.Clark
00-0021915,,Sam Aiken,S.Aiken
00-0025432,,Dwayne Jarrett,D.Jarrett
00-0023683,FB,Madison Hedgecock,M.Hedgecock
00-0022216,RCB,Nathan Vasher,N.Vasher
00-0021159,TE,Jerramy Stevens,J.Stevens
00-0026154,LG,Chris Williams,C.Williams
00-0024321,TE,Garrett Mills,G.Mills
00-0024424,TE,Zach Strief,Z.Strief
00-0026369,,Cary Williams,C.Williams
00-0016960,LOLB,Mike Vrabel,M.Vrabel
00-0027088,TE,Shawn Nelson,S.Nelson
00-0026536,,Nick Miller,N.Miller
00-0027261,,Duke Calhoun,D.Calhoun
00-0027470,,Brandon James,B.James
00-0024687,,Dominique Zeigler,D.Zeigler
00-0027157,TE,Dan Gronkowski,D.Gronkowski
00-0024270,T,Andrew Whitworth,A.Whitworth
00-0026324,LG,Mike Gibson,M.Gibson
00-0023560,LG,Todd Herremans,T.Herremans
00-0024529,TE,Gijon Robinson,G.Robinson
00-0024013,,Hank Baskett,H.Baskett
00-0023108,TE,Stephen Spach,S.Spach
00-0025602,TE,Ben Patrick,B.Patrick
00-0024326,,Demetrius Williams,D.Williams
00-0023790,,Brian Clark,B.Clark
00-0027040,TE,Richard Quinn,R.Quinn
00-0021273,TE,Robert Royal,R.Royal
00-0021508,WR,Greg Lewis,G.Lewis
00-0020332,TE,David Martin,D.Martin
00-0025864,TE,Jonathan Stupar,J.Stupar
00-0026331,WR,Paul Hubbard,P.Hubbard
00-0026804,TE,Ryan Purvis,R.Purvis
00-0023210,TE,Tory Humphrey,T.Humphrey
00-0020342,FB,Brandon Manumaleuna,B.Manumaleuna
00-0023570,,Roydell Williams,R.Williams
00-0027149,,Manuel Johnson,M.Johnson
00-0024607,,Daniel Coats,D.Coats
00-0023529,RG,Adam Snyder,A.Snyder
00-0027352,,Max Komar,M.Komar
00-0021213,TE,Chris Baker,C.Baker
00-0027429,WR,Verran Tucker,V.Tucker
00-0025578,FB,Korey Hall,K.Hall
00-0022064,,Arnaz Battle,A.Battle
00-0027358,,Roberto Wallace,R.Wallace
00-0027237,LB,Dane Fletcher,D.Fletcher
00-0025610,RT,Michael Otto,M.Otto
00-0026334,,Ryan Mundy,R.Mundy
00-0028295,,Collin Franklin,C.Franklin
00-0027764,,Kerry Meier,K.Meier
00-0028033,,Curtis Brown,C.Brown
00-0026251,,Martin Rucker,M.Rucker
00-0022863,NT,Isaac Sopoaga,I.Sopoaga
00-0022726,,Keary Colbert,K.Colbert
00-0028288,,LaQuan Williams,L.Williams
00-0026260,SS,Craig Steltz,C.Steltz
00-0022771,C,Eugene Amano,E.Amano
00-0028486,,Ryan Mahaffey,R.Mahaffey
00-0023953,,Sam Hurd,S.Hurd
00-0024609,,Jesse Holley,J.Holley
00-0023429,,Rashied Davis,R.Davis
00-0027769,,Fendi Onobun,F.Onobun
00-0026908,TE,Anthony Hill,A.Hill
00-0028187,,DeMarco Sampson,D.Sampson
00-0027693,,Taylor Price,T.Price
00-0028509,,Zack Pianalto,Z.Pianalto
00-0025419,,Anthony Gonzalez,A.Gonzalez
00-0028550,TE,Colin Cochart,C.Cochart
00-0009323,TE,Jim Kleinsasser,J.Kleinsasser
00-0021304,TE,John Gilmore,J.Gilmore
00-0027920,,Emmanuel Arceneaux,E.Arceneaux
00-0027761,TE,Brody Eldridge,B.Eldridge
00-0027500,TE,Mike Caussin,M.Caussin
00-0020389,,Russ Hochstein,R.Hochstein
00-0027612,FB,Ryan D'Imperio,R.D'Imperio
00-0028253,TE,Will Yeatman,W.Yeatman
00-0019457,TE,Anthony Becht,A.Becht
00-0028291,,Josh Baker,J.Baker
00-0009119,TE,Reggie Kelly,R.Kelly
00-0026500,LG,Matt Slauson,M.Slauson
00-0028242,,Joe Hastings,J.Hastings
00-0027813,,Terrence Austin,T.Austin
00-0026669,TE,Colin Cloherty,C.Cloherty
00-0027441,WR,Chastin West,C.West
00-0021227,TE,Justin Peelle,J.Peelle
00-0026377,,Adrian Arrington,A.Arrington
00-0026357,WR,Brett Swain,B.Swain
00-0022714,,Kris Wilson,K.Wilson
00-0027036,LT,Will Beatty,W.Beatty
00-0028338,,Kris Adams,K.Adams
00-0027827,,Dedrick Epps,D.Epps
00-0027059,,Patrick Turner,P.Turner
00-0027658,LG,Zane Beadles,Z.Beadles
00-0027717,,Joe Hawley,J.Hawley
00-0028406,,Tommy Gallarda,T.Gallarda
00-0027646,WR,Dez Bryant,D.Bryant
00-0025568,FB,Reagan Maui'a,R.Maui'a
00-0026753,WR,Charly Martin,C.Martin
00-0027154,,Jake O'Connell,J.O'Connell
00-0026961,RG,Lance Louis,L.Louis
00-0027070,,Travis Beckum,T.Beckum
00-0027699,TE,Mike Johnson,M.Johnson
00-0028906,,Nathan Palmer,N.Palmer
00-0028522,TE,Michael Higgins,M.Higgins
00-0027573,NT,Mitch Unrein,M.Unrein
00-0026658,TE,Zach Potter,Z.Potter
00-0029055,WR,Kevin Elliott,K.Elliott
00-0028337,TE,Kyle Adams,K.Adams
00-0026902,WR,Ramses Barden,R.Barden
00-0026929,,Andrew Gardner,A.Gardner
00-0027757,,Matt Tennant,M.Tennant
00-0024344,RT,Guy Whimper,G.Whimper
00-0022847,TE,Ben Hartsock,B.Hartsock
00-0027700,,Mardy Gilyard,M.Gilyard
00-0025490,,Isaiah Stanback,I.Stanback
00-0028842,,Hayden Smith,H.Smith
00-0029315,,Brad Smelley,B.Smelley
00-0029343,,LaRon Byrd,L.Byrd
00-0022421,,Ruvell Martin,R.Martin
00-0029642,,Jordan White,J.White
00-0028105,,Ryan Whalen,R.Whalen
00-0028158,FB,Shaun Chapas,S.Chapas
00-0029204,,Toney Clemons,T.Clemons
00-0028400,,Armon Binns,A.Binns
00-0029274,WR,Devon Wylie,D.Wylie
00-0028417,WR,Jamar Newsome,J.Newsome
00-0029546,,Senio Kelemete,S.Kelemete
00-0026757,TE,Kory Sperry,K.Sperry
00-0030175,,Ryan Spadola,R.Spadola
00-0029420,FB,Bradie Ewing,B.Ewing
00-0028596,,Tori Gurley,T.Gurley
00-0027780,TE,Nate Byham,N.Byham
00-0028267,TE,Allen Reisner,A.Reisner
00-0028792,,Kevin Cone,K.Cone
00-0029227,WR,Patrick Edwards,P.Edwards
00-0028238,,Konrad Reuland,K.Reuland
00-0027349,,Stephen Williams,S.Williams
00-0028293,,Michael Campbell,M.Campbell
00-0027853,,Teddy Williams,T.Williams
00-0029702,,Juron Criner,J.Criner
00-0026878,TE,Tom Crabtree,T.Crabtree
00-0028307,,Drew Davis,D.Davis
00-0030129,,Justice Cunningham,J.Cunningham
00-0030441,RG,Kyle Long,K.Long
00-0029694,TE,Michael Egnew,M.Egnew
00-0030474,WR,Josh Boyce,J.Boyce
00-0029552,,Jeremy Ebert,J.Ebert
00-0028051,LCB,Chimdi Chekwa,C.Chekwa
00-0028156,TE,Ryan Taylor,R.Taylor
00-0028362,,Michael Preston,M.Preston
00-0028862,RT,Bryce Harris,B.Harris
00-0028542,,Lestar Jean,L.Jean
00-0018956,C,Brad Meester,B.Meester
00-0027915,,Isaiah Trufant,I.Trufant
00-0030370,,Greg Jenkins,G.Jenkins
00-0027445,TE,Jeron Mastrud,J.Mastrud
00-0029218,TE,David Paulson,D.Paulson
00-0029108,,Derek Moye,D.Moye
00-0028930,,Josh Cooper,J.Cooper
00-0029367,,Julian Talley,J.Talley
00-0028270,TE,Weslye Saunders,W.Saunders
00-0029856,,Lamaar Thomas,L.Thomas
00-0029183,TE,Danny Noble,D.Noble
00-0028606,WR,Kerry Taylor,K.Taylor
00-0022740,DE,Jared Allen,J.Allen
00-0029778,WR,Darius Johnson,D.Johnson
00-0029424,,Marvin McNutt,M.McNutt
00-0029276,,Evan Rodriguez,E.Rodriguez
00-0028079,,D.J. Williams,D.Williams
00-0030512,TE,Nick Kasa,N.Kasa
00-0023503,,Courtney Roby,C.Roby
00-0029590,TE,Taylor Thompson,T.Thompson
00-0030822,,Marcel Jensen,M.Jensen
00-0027809,TE,Mickey Shuler,M.Shuler
00-0030466,WR,Justin Brown,J.Brown
00-0030647,,Jordan Thompson,J.Thompson
00-0030671,,Isaiah Burse,I.Burse
00-0021570,,Kassim Osgood,K.Osgood
00-0021140,LOLB,Julius Peppers,J.Peppers
00-0031091,FB,Kiero Small,K.Small
00-0028543,,Jeff Maehl,J.Maehl
00-0023487,RT,Khalif Barnes,K.Barnes
00-0027960,LT,Anthony Castonzo,A.Castonzo
00-0029311,WR,Junior Hemingway,J.Hemingway
00-0030486,C,Brian Schwenke,B.Schwenke
00-0031367,LG,Gabe Jackson,G.Jackson
00-0030865,,Gator Hoskins,G.Hoskins
00-0028080,,Karl Klug,K.Klug
00-0029883,,Joseph Fauria,J.Fauria
00-0030897,,Corey Washington,C.Washington
00-0028892,,Gerrell Robinson,G.Robinson
00-0031053,,Jalen Saunders,J.Saunders
00-0027202,TE,Michael Palmer,M.Palmer
00-0030650,,Dewey McDonald,D.McDonald
00-0029934,,Rodney Smith,R.Smith
00-0029281,TE,Adrien Robinson,A.Robinson
00-0027567,,Steve Maneri,S.Maneri
00-0028984,WR,Brian Tyms,B.Tyms
00-0028119,TE,Richard Gordon,R.Gordon
00-0029999,TE,Zach Sudfeld,Z.Sudfeld
00-0027870,C,Maurkice Pouncey,M.Pouncey
00-0022900,SS,Will Allen,W.Allen
00-0026699,TE,Kevin Brock,K.Brock
00-0030899,T,Garry Gilliam,G.Gilliam
00-0027955,LT,Nate Solder,N.Solder
00-0031816,,Tyler Murphy,T.Murphy
00-0031327,,Kevin Norwood,K.Norwood
00-0030272,TE,Jake Stoneburner,J.Stoneburner
00-0027917,FB,Tyler Clutts,T.Clutts
00-0031932,,Chandler Worthy,C.Worthy
00-0032259,T,Ereck Flowers,E.Flowers
00-0030806,TE,Nic Jacobs,N.Jacobs
00-0030162,,Rico Richardson,R.Richardson
00-0031314,C,Wesley Johnson,W.Johnson
00-0030832,TE,Asante Cleveland,A.Cleveland
00-0030095,,Corey Fuller,C.Fuller
00-0031921,T,Kendall Lamm,K.Lamm
00-0031962,,Mario Alford,M.Alford
00-0031968,,E.J. Bibbs,E.Bibbs
00-0027869,LG,Mike Iupati,M.Iupati
00-0027581,,Seyi Ajirotutu,S.Ajirotutu
00-0029755,,Brian Leonhardt,B.Leonhardt
00-0032045,,Andrew Turzilli,A.Turzilli
00-0027708,,Marcus Easley,M.Easley
00-0030659,,Jonathan Krause,J.Krause
00-0030049,TE,Chris Gragg,C.Gragg
00-0030110,TE,Michael Williams,M.Williams
00-0030807,,Seantavius Jones,S.Jones
00-0032001,,Ben Edwards,B.Edwards
00-0030274,,Myles White,M.White
00-0030691,,Jeremy Butler,J.Butler
00-0032008,WR,Donteea Dye,D.Dye
00-0029534,TE,Cooper Helfet,C.Helfet
00-0027069,,Chase Coffman,C.Coffman
00-0030154,,Frankie Hammond,F.Hammond
00-0031320,WR,Kevin Smith,K.Smith
00-0032007,CB,Quinton Dunbar,Q.Dunbar
00-0032515,,Braedon Bowman,B.Bowman
00-0031732,TE,Connor Hamlett,C.Hamlett
00-0030187,,Rashad Ross,R.Ross
00-0031442,LT,Taylor Lewan,T.Lewan
00-0026968,K,Ryan Succop,R.Succop
00-0031310,,Devin Street,D.Street
00-0023894,LT,Donald Penn,D.Penn
00-0032974,,Jordan Payton,J.Payton
00-0030758,TE,Justin Perillo,J.Perillo
00-0031268,WR,Walt Powell,W.Powell
00-0032196,RT,Jake Fisher,J.Fisher
00-0028994,TE,Dominique Jones,D.Jones
00-0032190,,Gerald Christian,G.Christian
00-0032070,,Dezmin Lewis,D.Lewis
00-0032801,,Daniel Braverman,D.Braverman
00-0030805,,Je'Ron Hamm,J.Hamm
00-0031934,,Devin Smith,D.Smith
00-0032864,TE,Alex Ellis,A.Ellis
00-0030828,,D.J. Tialavea,D.Tialavea
00-0032407,LG,Alex Lewis,A.Lewis
00-0032739,,Wendall Williams,W.Williams
00-0032841,WR,Paul Turner,P.Turner
00-0032694,WR,Jalin Marshall,J.Marshall
00-0029601,TE,Brandon Bostick,B.Bostick
00-0032012,,Isaac Fruechte,I.Fruechte
00-0032679,,Paul McRoberts,P.McRoberts
00-0028795,,Chase Reynolds,C.Reynolds
00-0032064,,DeAndre Smelter,D.Smelter
00-0032441,WR,Aaron Burbridge,A.Burbridge
00-0031854,WR,Chris Harper,C.Harper
00-0026008,,Matthew Mulligan,M.Mulligan
00-0031600,WR,Keith Mumphery,K.Mumphery
00-0026957,TE,David Johnson,D.Johnson
00-0031315,,Matt Hazel,M.Hazel
00-0029740,TE,Ifeanyi Momah,I.Momah
00-0029592,RG,Kevin Zeitler,K.Zeitler
00-0031801,,Jordan Leslie,J.Leslie
00-0031151,,Marcus Williams,M.Williams
00-0033338,,Cethan Carter,C.Carter
00-0032937,,Max McCaffrey,M.McCaffrey
00-0028702,,Chris Matthews,C.Matthews
00-0031021,,Jared Abbrederis,J.Abbrederis
00-0033315,,Cole Hikutini,C.Hikutini
00-0033633,WR,Tanner Gentry,T.Gentry
00-0032705,,Ed Eagan,E.Eagan
00-0031626,T,Brian Mihalik,B.Mihalik
00-0029336,,Brittan Golden,B.Golden
00-0032145,RG,Cameron Erving,C.Erving
00-0033449,,Isaac Whitney,I.Whitney
00-0031550,LB,Shaq Thompson,S.Thompson
00-0032147,T,Ty Sambrailo,T.Sambrailo
00-0032656,WR,Darius Powe,D.Powe
00-0032827,,Leonard Wester,L.Wester
00-0031533,TE,Randall Telfer,R.Telfer
00-0028987,TE,Phillip Supernaw,P.Supernaw
00-0031834,,Larry Pinkard,L.Pinkard
00-0029793,TE,Brandon Williams,B.Williams
00-0031511,WR,DeAndrew White,D.White
00-0031884,,Gabe Holmes,G.Holmes
00-0032475,,Tanner McEvoy,T.McEvoy
00-0032319,,Ross Travis,R.Travis
00-0033043,TE,Austin Traylor,A.Traylor
00-0029391,TE,Sean McGrath,S.McGrath
00-0033006,,Jaydon Mickens,J.Mickens
00-0032650,,Ryan Malleck,R.Malleck
00-0032429,WR,Jerell Adams,J.Adams
00-0032839,WR,Hunter Sharp,H.Sharp
00-0033087,WR,Marquis Bundy,M.Bundy
00-0033717,WR,Travis Rudolph,T.Rudolph
00-0033840,WR,Chad Hansen,C.Hansen
00-0033514,,Emanuel Byrd,E.Byrd
00-0033352,,Michael Clark,M.Clark
00-0033855,,Chris Thompson,C.Thompson
00-0032926,,K.J. Brent,K.Brent
00-0030290,WR,Cobi Hamilton,C.Hamilton
00-0033796,,Marquez Williams,M.Williams
00-0033114,WR,Mike Thomas,M.Thomas
00-0031697,WR,Jordan Taylor,J.Taylor
00-0033095,,Garrett Griffin,G.Griffin
00-0030737,,Freddie Martino,F.Martino
00-0033413,,De'Veon Smith,D.Smith
00-0033937,,Amara Darboh,A.Darboh
00-0031044,TE,Troy Niklas,T.Niklas
00-0033376,,Patrick Ricard,P.Ricard
00-0029134,,Beau Brinkley,B.Brinkley
00-0032139,TE,Ben Koyack,B.Koyack
00-0033555,,Mack Hollins,M.Hollins
00-0033773,,Riley McCarron,R.McCarron
00-0034389,,Dane Cruikshank,D.Cruikshank
00-0033968,,Stacy Coley,S.Coley
00-0025580,K,Mason Crosby,M.Crosby
00-0032383,C,Ryan Kelly,R.Kelly
00-0033564,TE,Jake Butt,J.Butt
00-0031922,,Khari Lee,K.Lee
00-0032508,,Hakeem Valles,H.Valles
00-0034159,TE,Will Dissly,W.Dissly
00-0033770,,Justin Hardee,J.Hardee
00-0033379,,Tim White,T.White
00-0025944,K,Stephen Hauschka,S.Hauschka
00-0034258,,Derrick Willies,D.Willies
00-0032562,,Cole Wick,C.Wick
00-0033306,,Victor Bolden,V.Bolden
00-0033573,,Shelton Gibson,S.Gibson
00-0033742,TE,Tyrone Swoopes,T.Swoopes
00-0032599,TE,Joshua Perkins,J.Perkins
00-0032634,TE,David Grinnage,D.Grinnage
00-0032120,TE,Neal Sterling,N.Sterling
00-0032430,TE,David Morgan,D.Morgan
00-0034512,,Cam Phillips,C.Phillips
00-0033481,,Marcus Kemp,M.Kemp
00-0033904,T,Dion Dawkins,D.Dawkins
00-0032959,,Charone Peake,C.Peake
00-0032911,C,Spencer Pulley,S.Pulley
00-0032141,TE,Geoff Swaim,G.Swaim
00-0034309,,Chad Beebe,C.Beebe
00-0033441,,Keon Hatcher,K.Hatcher
00-0033696,TE,Sean Culkin,S.Culkin
00-0031953,,Geremy Davis,G.Davis
00-0030648,T,Alejandro Villanueva,A.Villanueva
00-0032745,TE,Alan Cross,A.Cross
00-0033471,,Isaiah Ford,I.Ford
00-0034273,WR,Damion Ratley,D.Ratley
00-0034532,,Jordan Franks,J.Franks
00-0032381,T,Taylor Decker,T.Decker
00-0034867,,Malik Turner,M.Turner
00-0030854,TE,Erik Swoope,E.Swoope
00-0033576,TE,Eric Saubert,E.Saubert
00-0029414,TE,Orson Charles,O.Charles
00-0025415,T,Joe Staley,J.Staley
00-0033559,TE,Michael Roberts,M.Roberts
00-0029091,FB,Bradley Sowell,B.Sowell
00-0032466,T,George Fant,G.Fant
00-0031690,TE,Eric Tomlinson,E.Tomlinson
00-0034834,,Sam Hubbard,S.Hubbard
00-0031788,TE,Matt Lengel,M.Lengel
00-0034499,,Jawill Davis,J.Davis
00-0034270,TE,Tyler Conklin,T.Conklin
00-0034854,,KhaDarel Hodge,K.Hodge
00-0031484,TE,Chris Manhertz,C.Manhertz
00-0033528,TE,Jeremy Sprinkle,J.Sprinkle
00-0034253,,Dontrell Hilliard,D.Hilliard
00-0031462,,Jerome Cunningham,J.Cunningham
00-0031260,TE,Logan Thomas,L.Thomas
00-0032794,,Danny Vitale,D.Vitale
00-0033374,FB,Ricky Ortiz,R.Ortiz
00-0034489,WR,Jalen Tolliver,J.Tolliver
00-0032089,TE,Brian Parker,B.Parker
00-0033627,TE,Jason Croom,J.Croom
00-0034510,WR,Robert Foster,R.Foster
00-0034829,TE,Mike Gesicki,M.Gesicki
00-0034798,TE,Durham Smythe,D.Smythe
00-0033421,TE,Antony Auclair,A.Auclair
00-0034386,,Justin Watson,J.Watson
00-0034411,,Russell Gage,R.Gage
00-0031167,TE,Scott Simonson,S.Simonson
00-0034365,TE,Ian Thomas,I.Thomas
00-0034653,WR,Deontay Burnett,D.Burnett
00-0033953,TE,Jordan Leggett,J.Leggett
00-0034777,,DJ Chark,D.Chark
00-0034420,TE,Jordan Thomas,J.Thomas
00-0034593,,Chris Lacy,C.Lacy
00-0034268,,J'Mon Moore,J.Moore
00-0033757,TE,Robert Tonyan,R.Tonyan
00-0032707,WR,Andy Jones,A.Jones
00-0031787,WR,Jake Kumerow,J.Kumerow
00-0034521,,Allen Lazard,A.Lazard
00-0034101,WR,Matt Flanagan,M.Flanagan
00-0034710,,Darvin Kidsy,D.Kidsy
00-0031744,TE,Matt LaCosse,M.LaCosse
00-0034370,WR,DaeSean Hamilton,D.Hamilton
00-0034054,,River Cracraft,R.Cracraft
00-0034747,WR,Marcell Ateman,M.Ateman
00-0034426,,Javon Wims,J.Wims
00-0032773,LB,Nick Kwiatkoski,N.Kwiatkoski
00-0034052,,Brandon Zylstra,B.Zylstra
00-0034073,,Ross Dwelley,R.Dwelley
00-0034286,WR,Richie James,R.James
00-0033246,,Johnny Mundt,J.Mundt
00-0031035,TE,Xavier Grimble,X.Grimble
00-0034676,WR,James Washington,J.Washington
00-0034686,,Auden Tate,A.Tate
00-0033258,TE,Darrell Daniels,D.Daniels
00-0034487,WR,Trent Sherfield,T.Sherfield
00-0033455,,Anthony Firkser,A.Firkser
00-0031585,TE,MyCole Pruitt,M.Pruitt
00-0034364,TE,Jordan Akins,J.Akins
00-0034631,WR,Vyncint Smith,V.Smith
00-0032661,TE,Ben Braunecker,B.Braunecker
00-0033896,TE,Adam Shaheen,A.Shaheen
00-0034351,TE,Dallas Goedert,D.Goedert
00-0033217,TE,Mo Alie-Cox,M.Alie-Cox
00-0033474,,Gehrig Dieter,G.Dieter
00-0033658,TE,Blake Jarwin,B.Jarwin
00-0033054,TE,Rico Gathers,R.Gathers
00-0034383,TE,Dalton Schultz,D.Schultz
00-0033591,WR,Noah Brown,N.Brown
00-0034317,WR,Keith Kirkwood,K.Kirkwood
00-0027440,CB,Sam Shields,S.Shields
00-0034011,TE,Dan Arnold,D.Arnold
00-0033382,WR,Austin Carr,A.Carr
