Season,Player,Team,Pos,name,GSIS_ID
2018,Antoine Bethea,ARI,FS,A.Bethea,00-0024421
2018,Benson Mayowa,ARI,DE,B.Mayowa,00-0030380
2018,Brandon Williams,ARI,CB,B.Williams,00-0032769
2018,Budda Baker,ARI,SS,B.Baker,00-0033890
2018,Cameron Malveaux,ARI,DE,C.Malveaux,00-0033403
2018,Chad Williams,ARI,WR,C.Williams,00-0033933
2018,Chandler Jones,ARI,DE,C.Jones,00-0029585
2018,Chase Edmonds,ARI,RB,C.Edmonds,00-0034681
2018,Chris Jones,ARI,DB,C.Jones,00-0034641
2018,Christian Kirk,ARI,WR,C.Kirk,00-0034775
2018,Corey Peters,ARI,DT,C.Peters,00-0027686
2018,D.J. Swearinger,ARI,FS,D.Swearinger,00-0030566
2018,Darrell Daniels,ARI,TE,D.Daniels,00-0033258
2018,David Amerson,ARI,DB,D.Amerson,00-0030420
2018,David Johnson,ARI,RB,D.Johnson,00-0032187
2018,Deatrick Nichols,ARI,CB,D.Nichols,00-0034481
2018,Dennis Gardeck,ARI,LB,D.Gardeck,00-0034473
2018,Deone Bucannon,ARI,OLB,D.Bucannon,00-0031366
2018,Derrick Coleman,ARI,FB,D.Coleman,00-0029068
2018,Dontae Johnson,ARI,DB,D.Johnson,00-0031061
2018,Gerald Hodges,ARI,LB,G.Hodges,00-0030385
2018,Haason Reddick,ARI,OLB,H.Reddick,00-0033875
2018,J.J. Nelson,ARI,WR,J.Nelson,00-0032112
2018,Jalen Tolliver,ARI,WR,J.Tolliver,00-0034489
2018,Jermaine Gresham,ARI,TE,J.Gresham,00-0027873
2018,Joe Walker,ARI,LB,J.Walker,00-0032809
2018,John Phillips,ARI,TE,J.Phillips,00-0027139
2018,Jonathan Anderson,ARI,LB,J.Anderson,00-0031902
2018,Josh Bynes,ARI,MLB,J.Bynes,00-0028278
2018,Josh Rosen,ARI,QB,J.Rosen,00-0034343
2018,Larry Fitzgerald,ARI,WR,L.Fitzgerald,00-0022921
2018,Leonard Johnson,ARI,DB,L.Johnson,00-0029087
2018,Markus Golden,ARI,DE,M.Golden,00-0032127
2018,Mike Glennon,ARI,QB,M.Glennon,00-0030520
2018,Olsen Pierre,ARI,DT,O.Pierre,00-0031914
2018,Pasoni Tasini,ARI,DT,P.Tasini,00-0033614
2018,Patrick Peterson,ARI,CB,P.Peterson,00-0027943
2018,Phil Dawson,ARI,K,P.Dawson,00-0004091
2018,Quinten Rollins,ARI,CB,Q.Rollins,00-0031937
2018,Ricky Seals-Jones,ARI,TE,R.Seals-Jones,00-0033611
2018,Robert Nkemdiche,ARI,DT,R.Nkemdiche,00-0032761
2018,Rodney Gunter,ARI,DT,R.Gunter,00-0032131
2018,Rudy Ford,ARI,DB,R.Ford,00-0033792
2018,Sam Bradford,ARI,QB,S.Bradford,00-0027854
2018,T.J. Logan,ARI,RB,T.Logan,00-0033789
2018,Thurston Armbrister,ARI,LB,T.Armbrister,00-0031729
2018,Tre Boston,ARI,DB,T.Boston,00-0031261
2018,Trent Sherfield,ARI,WR,T.Sherfield,00-0034487
2018,Vincent Valentine,ARI,DT,V.Valentine,00-0032396
2018,Vontarrius Dora,ARI,DE,V.Dora,00-0032484
2018,Zach Moore,ARI,DE,Z.Moore,00-0031081
2018,Zane Gonzalez,ARI,K,Z.Gonzalez,00-0033862
2018,Zeke Turner,ARI,LB,Z.Turner,00-0034490
2018,Austin Hooper,ATL,TE,A.Hooper,00-0032392
2018,Blidi Wreh-Wilson,ATL,DB,B.Wreh-Wilson,00-0030541
2018,Brian Hill,ATL,RB,B.Hill,00-0033567
2018,Brian Poole,ATL,CB,B.Poole,00-0032596
2018,Brooks Reed,ATL,DE,B.Reed,00-0027980
2018,Bruce Carter,ATL,LB,B.Carter,00-0027978
2018,Bruce Irvin,ATL,DE,B.Irvin,00-0029193
2018,Calvin Ridley,ATL,WR,C.Ridley,00-0034837
2018,Corey Nelson,ATL,LB,C.Nelson,00-0031350
2018,Damontae Kazee,ATL,SS,D.Kazee,00-0033512
2018,De'Vondre Campbell,ATL,OLB,D.Campbell,00-0032401
2018,Deadrin Senat,ATL,DT,D.Senat,00-0034363
2018,Deion Jones,ATL,LB,D.Jones,00-0032388
2018,Derrick Shelby,ATL,DE,D.Shelby,00-0029111
2018,Desmond Trufant,ATL,CB,D.Trufant,00-0030562
2018,Devonta Freeman,ATL,RB,D.Freeman,00-0031285
2018,Duke Riley,ATL,MLB,D.Riley,00-0033549
2018,Eric Saubert,ATL,TE,E.Saubert,00-0033576
2018,Foye Oluokun,ATL,LB,F.Oluokun,00-0034413
2018,Giorgio Tavecchio,ATL,K,G.Tavecchio,00-0028907
2018,Grady Jarrett,ATL,DT,G.Jarrett,00-0031583
2018,Isaiah Oliver,ATL,FS,I.Oliver,00-0034357
2018,Ito Smith,ATL,RB,I.Smith,00-0034378
2018,Jack Crawford,ATL,DT,J.Crawford,00-0029627
2018,Jeremy Langford,ATL,RB,J.Langford,00-0031569
2018,Jordan Richards,ATL,FS,J.Richards,00-0031559
2018,Julio Jones,ATL,WR,J.Jones,00-0027944
2018,Justin Bethel,ATL,DB,J.Bethel,00-0029530
2018,Justin Hardy,ATL,WR,J.Hardy,00-0031570
2018,Justin Zimmer,ATL,DT,J.Zimmer,00-0032518
2018,Keanu Neal,ATL,SS,K.Neal,00-0032382
2018,Keith Tandy,ATL,DB,K.Tandy,00-0029422
2018,Kemal Ishmael,ATL,DB,K.Ishmael,00-0030427
2018,Logan Paulsen,ATL,TE,L.Paulsen,00-0027215
2018,Marvin Hall,ATL,WR,M.Hall,00-0033094
2018,Matt Bryant,ATL,K,M.Bryant,00-0020578
2018,Matt Ryan,ATL,QB,M.Ryan,00-0026143
2018,Matt Schaub,ATL,QB,M.Schaub,00-0022787
2018,Michael Bennett,ATL,DT,M.Bennett,00-0032154
2018,Mohamed Sanu,ATL,WR,M.Sanu,00-0029632
2018,Ricardo Allen,ATL,FS,R.Allen,00-0031181
2018,Robert Alford,ATL,CB,R.Alford,00-0030528
2018,Russell Gage,ATL,WR,R.Gage,00-0034411
2018,Ryan Neal,ATL,DB,R.Neal,00-0034527
2018,Sharrod Neasman,ATL,DB,S.Neasman,00-0032592
2018,Steven Means,ATL,DE,S.Means,00-0030387
2018,Takkarist McKinley,ATL,DE,T.McKinley,00-0033540
2018,Terrell McClain,ATL,DT,T.McClain,00-0028003
2018,Tevin Coleman,ATL,RB,T.Coleman,00-0032058
2018,Vic Beasley,ATL,DE,V.Beasley,00-0032240
2018,Alex Collins,BAL,RB,A.Collins,00-0032426
2018,Anthony Averett,BAL,CB,A.Averett,00-0034265
2018,Anthony Levine,BAL,DB,A.Levine,00-0027539
2018,Brandon Carr,BAL,CB,B.Carr,00-0026280
2018,Brandon Williams,BAL,DE,B.Williams,00-0030511
2018,Brent Urban,BAL,DE,B.Urban,00-0031177
2018,C.J. Mosley,BAL,ILB,C.Mosley,00-0031296
2018,Chris Board,BAL,LB,C.Board,00-0034787
2018,Chris Moore,BAL,WR,C.Moore,00-0032398
2018,Chris Wormley,BAL,NT,C.Wormley,00-0033913
2018,Chuck Clark,BAL,DB,C.Clark,00-0033294
2018,Cyrus Jones,BAL,CB,C.Jones,00-0032390
2018,De'Lance Turner,BAL,RB,D.Turner,00-0034201
2018,Eric Weddle,BAL,FS,E.Weddle,00-0025424
2018,Gus Edwards,BAL,RB,G.Edwards,00-0034184
2018,Hayden Hurst,BAL,TE,H.Hurst,00-0034830
2018,Javorius Allen,BAL,RB,J.Allen,00-0031577
2018,Jimmy Smith,BAL,CB,J.Smith,00-0027965
2018,Joe Flacco,BAL,QB,J.Flacco,00-0026158
2018,John Brown,BAL,WR,J.Brown,00-0031051
2018,Justin Tucker,BAL,K,J.Tucker,00-0029597
2018,Kenneth Dixon,BAL,RB,K.Dixon,00-0032411
2018,Kenny Young,BAL,ILB,K.Young,00-0034266
2018,Lamar Jackson,BAL,QB,L.Jackson,00-0034796
2018,Mark Andrews,BAL,TE,M.Andrews,00-0034753
2018,Marlon Humphrey,BAL,CB,M.Humphrey,00-0033281
2018,Matt Judon,BAL,OLB,M.Judon,00-0032415
2018,Maurice Canady,BAL,CB,M.Canady,00-0032438
2018,Maxx Williams,BAL,TE,M.Williams,00-0031558
2018,Michael Crabtree,BAL,WR,M.Crabtree,00-0026986
2018,Michael Pierce,BAL,DT,M.Pierce,00-0032574
2018,Nick Boyle,BAL,TE,N.Boyle,00-0031598
2018,Patrick Onwuasor,BAL,ILB,P.Onwuasor,00-0032573
2018,Robert Griffin III,BAL,QB,R.III,00-0029665
2018,Robertson Daniel,BAL,DB,R.Daniel,00-0031878
2018,Tavon Young,BAL,CB,T.Young,00-0032770
2018,Terrell Suggs,BAL,OLB,T.Suggs,00-0022161
2018,Tim White,BAL,WR,T.White,00-0033379
2018,Tim Williams,BAL,LB,T.Williams,00-0033915
2018,Tony Jefferson,BAL,SS,T.Jefferson,00-0030294
2018,Ty Montgomery,BAL,RB,T.Montgomery,00-0032200
2018,Tyus Bowser,BAL,LB,T.Bowser,00-0033283
2018,Willie Henry,BAL,DT,W.Henry,00-0032409
2018,Willie Snead,BAL,WR,W.Snead,00-0030663
2018,Za'Darius Smith,BAL,OLB,Z.Smith,00-0031576
2018,Zach Sieler,BAL,DE,Z.Sieler,00-0034285
2018,Cam Phillips,BUF,WR,C.Phillips,00-0034512
2018,Charles Clay,BUF,TE,C.Clay,00-0028112
2018,Chris Ivory,BUF,RB,C.Ivory,00-0027531
2018,Corey Thompson,BUF,LB,C.Thompson,00-0034539
2018,Dean Marlowe,BUF,SS,D.Marlowe,00-0031870
2018,Denzel Rice,BUF,DB,D.Rice,00-0031688
2018,Deon Lacey,BUF,LB,D.Lacey,00-0030197
2018,Deonte Thompson,BUF,WR,D.Thompson,00-0029388
2018,Derek Anderson,BUF,QB,D.Anderson,00-0023645
2018,Eddie Yarbrough,BUF,DE,E.Yarbrough,00-0032480
2018,Harrison Phillips,BUF,DT,H.Phillips,00-0034782
2018,Isaiah McKenzie,BUF,WR,I.McKenzie,00-0033466
2018,Jason Croom,BUF,TE,J.Croom,00-0033627
2018,Jeremy Kerley,BUF,WR,J.Kerley,00-0028091
2018,Jerry Hughes,BUF,DE,J.Hughes,00-0027881
2018,Jordan Phillips,BUF,DT,J.Phillips,00-0031557
2018,Jordan Poyer,BUF,FS,J.Poyer,00-0030114
2018,Josh Allen,BUF,QB,J.Allen,00-0034857
2018,Julian Stanford,BUF,LB,J.Stanford,00-0029061
2018,Keith Ford,BUF,RB,K.Ford,00-0034509
2018,Khari Lee,BUF,TE,K.Lee,00-0031922
2018,Kyle Williams,BUF,DT,K.Williams,00-0024348
2018,Lafayette Pitts,BUF,CB,L.Pitts,00-0032617
2018,LeSean McCoy,BUF,RB,L.McCoy,00-0027029
2018,Levi Wallace,BUF,DB,L.Wallace,00-0034514
2018,Logan Thomas,BUF,TE,L.Thomas,00-0031260
2018,Lorenzo Alexander,BUF,OLB,L.Alexander,00-0023259
2018,Marcus Murphy,BUF,RB,M.Murphy,00-0031959
2018,Matt Barkley,BUF,QB,M.Barkley,00-0030533
2018,Matt Milano,BUF,OLB,M.Milano,00-0033571
2018,Micah Hyde,BUF,SS,M.Hyde,00-0030090
2018,Mike Love,BUF,DE,M.Love,00-0034511
2018,Patrick DiMarco,BUF,RB,P.DiMarco,00-0028581
2018,Rafael Bush,BUF,DB,R.Bush,00-0027195
2018,Ray-Ray McCloud,BUF,WR,R.McCloud,00-0034407
2018,Robert Foster,BUF,WR,R.Foster,00-0034510
2018,Robert Thomas,BUF,NT,R.Thomas,00-0031006
2018,Ryan Lewis,BUF,CB,R.Lewis,00-0033608
2018,Shaq Lawson,BUF,DE,S.Lawson,00-0033096
2018,Siran Neal,BUF,DB,S.Neal,00-0034391
2018,Star Lotulelei,BUF,DT,S.Lotulelei,00-0030455
2018,Stephen Hauschka,BUF,K,S.Hauschka,00-0025944
2018,Taron Johnson,BUF,CB,T.Johnson,00-0034376
2018,Terrelle Pryor,BUF,WR,T.Pryor,00-0028825
2018,Tre'Davious White,BUF,CB,T.White,00-0033884
2018,Tremaine Edmunds,BUF,MLB,T.Edmunds,00-0034673
2018,Trent Murphy,BUF,DE,T.Murphy,00-0031300
2018,Vontae Davis,BUF,CB,V.Davis,00-0027001
2018,Zay Jones,BUF,WR,Z.Jones,00-0033891
2018,Nathan Peterman,BUF,QB,N.Peterman,00-0033958
2018,Alex Armah,CAR,FB,A.Armah,00-0033296
2018,Andre Smith,CAR,LB,A.Smith,00-0034430
2018,Ben Jacobs,CAR,LB,B.Jacobs,00-0028698
2018,Bryan Cox,CAR,DE,B.Cox,00-0033408
2018,Cam Newton,CAR,QB,C.Newton,00-0027939
2018,Cameron Artis-Payne,CAR,RB,C.Artis-Payne,00-0031599
2018,Captain Munnerlyn,CAR,DB,C.Munnerlyn,00-0026944
2018,Chandler Catanzaro,CAR,K,C.Catanzaro,00-0030896
2018,Chris Manhertz,CAR,TE,C.Manhertz,00-0031484
2018,Christian McCaffrey,CAR,RB,C.McCaffrey,00-0033280
2018,Colin Jones,CAR,SS,C.Jones,00-0028128
2018,Corn Elder,CAR,CB,C.Elder,00-0033289
2018,Curtis Samuel,CAR,WR,C.Samuel,00-0033282
2018,D.J. Moore,CAR,WR,D.Moore,00-0034827
2018,Da'Norris Searcy,CAR,SS,D.Searcy,00-0028038
2018,Damiere Byrd,CAR,WR,D.Byrd,00-0031868
2018,David Mayo,CAR,OLB,D.Mayo,00-0031596
2018,Devin Funchess,CAR,WR,D.Funchess,00-0032055
2018,Dontari Poe,CAR,DT,D.Poe,00-0029688
2018,Donte Jackson,CAR,CB,D.Jackson,00-0034356
2018,Efe Obada,CAR,DE,E.Obada,00-0031500
2018,Eric Reid,CAR,SS,E.Reid,00-0030548
2018,Garrett Gilbert,CAR,QB,G.Gilbert,00-0031395
2018,Graham Gano,CAR,K,G.Gano,00-0026858
2018,Greg Olsen,CAR,TE,G.Olsen,00-0025418
2018,Ian Thomas,CAR,TE,I.Thomas,00-0034365
2018,James Bradberry,CAR,CB,J.Bradberry,00-0032890
2018,Jared Norris,CAR,LB,J.Norris,00-0032998
2018,Jarius Wright,CAR,WR,J.Wright,00-0029572
2018,Jermaine Carter,CAR,LB,J.Carter,00-0034396
2018,Julius Peppers,CAR,DE,J.Peppers,00-0021140
2018,Kawann Short,CAR,DT,K.Short,00-0030448
2018,Kyle Allen,CAR,QB,K.Allen,00-0034577
2018,Kyle Love,CAR,DT,K.Love,00-0027236
2018,Lorenzo Doss,CAR,CB,L.Doss,00-0032136
2018,Luke Kuechly,CAR,MLB,L.Kuechly,00-0029248
2018,Mario Addison,CAR,DE,M.Addison,00-0028339
2018,Marquis Haynes,CAR,DE,M.Haynes,00-0034382
2018,Mike Adams,CAR,FS,M.Adams,00-0022247
2018,Rashaan Gaulden,CAR,DB,R.Gaulden,00-0034362
2018,Shaq Thompson,CAR,OLB,S.Thompson,00-0031550
2018,Taylor Heinicke,CAR,QB,T.Heinicke,00-0031800
2018,Thomas Davis,CAR,OLB,T.Davis,00-0023448
2018,Torrey Smith,CAR,WR,T.Smith,00-0027996
2018,Travaris Cadet,CAR,RB,T.Cadet,00-0029205
2018,Vernon Butler,CAR,DT,V.Butler,00-0032967
2018,Wes Horton,CAR,DE,W.Horton,00-0030251
2018,Aaron Lynch,CHI,OLB,A.Lynch,00-0030993
2018,Adam Shaheen,CHI,TE,A.Shaheen,00-0033896
2018,Adrian Amos,CHI,SS,A.Amos,00-0031584
2018,Akiem Hicks,CHI,DE,A.Hicks,00-0029657
2018,Allen Robinson,CHI,WR,A.Robinson,00-0031428
2018,Anthony Miller,CHI,WR,A.Miller,00-0034353
2018,Ben Braunecker,CHI,TE,B.Braunecker,00-0032661
2018,Benny Cunningham,CHI,RB,B.Cunningham,00-0029795
2018,Bilal Nichols,CHI,DT,B.Nichols,00-0034387
2018,Bryce Callahan,CHI,CB,B.Callahan,00-0031904
2018,Chase Daniel,CHI,QB,C.Daniel,00-0026544
2018,Cody Parkey,CHI,K,C.Parkey,00-0030850
2018,Danny Trevathan,CHI,ILB,D.Trevathan,00-0029577
2018,DeAndre Houston-Carson,CHI,DB,D.Houston-Carson,00-0032790
2018,Deon Bush,CHI,DB,D.Bush,00-0032774
2018,Dion Sims,CHI,TE,D.Sims,00-0030422
2018,Eddie Goldman,CHI,NT,E.Goldman,00-0031551
2018,Eddie Jackson,CHI,FS,E.Jackson,00-0033784
2018,Isaiah Irving,CHI,LB,I.Irving,00-0033635
2018,Javon Wims,CHI,WR,J.Wims,00-0034426
2018,Joel Iyiegbuniwe,CHI,LB,J.Iyiegbuniwe,00-0034372
2018,Jonathan Bullard,CHI,DE,J.Bullard,00-0033093
2018,Jordan Howard,CHI,RB,J.Howard,00-0032780
2018,Josh Bellamy,CHI,WR,J.Bellamy,00-0029319
2018,Kevin Toliver,CHI,DB,K.Toliver,00-0034603
2018,Kevin White,CHI,WR,K.White,00-0031545
2018,Khalil Mack,CHI,OLB,K.Mack,00-0031040
2018,Kyle Fuller,CHI,CB,K.Fuller,00-0031041
2018,Kylie Fitts,CHI,LB,K.Fitts,00-0034404
2018,Leonard Floyd,CHI,OLB,L.Floyd,00-0033072
2018,Marcus Williams,CHI,DB,M.Williams,00-0031151
2018,Mitchell Trubisky,CHI,QB,M.Trubisky,00-0033869
2018,Nick Kwiatkoski,CHI,ILB,N.Kwiatkoski,00-0032773
2018,Nick Williams,CHI,DT,N.Williams,00-0030500
2018,Prince Amukamara,CHI,CB,P.Amukamara,00-0027957
2018,Roquan Smith,CHI,ILB,R.Smith,00-0034874
2018,Roy Robertson-Harris,CHI,DE,R.Robertson-Harris,00-0032667
2018,Sam Acho,CHI,LB,S.Acho,00-0028041
2018,Sherrick McManis,CHI,DB,S.McManis,00-0027743
2018,Taquan Mizzell,CHI,RB,T.Mizzell,00-0033373
2018,Tarik Cohen,CHI,RB,T.Cohen,00-0033556
2018,Taylor Gabriel,CHI,WR,T.Gabriel,00-0031228
2018,Trey Burton,CHI,TE,T.Burton,00-0030710
2018,A.J. Green,CIN,WR,A.Green,00-0027942
2018,Adolphus Washington,CIN,DT,A.Washington,00-0033037
2018,Alex Erickson,CIN,WR,A.Erickson,00-0032543
2018,Andrew Billings,CIN,DT,A.Billings,00-0033066
2018,Andy Dalton,CIN,QB,A.Dalton,00-0027973
2018,Auden Tate,CIN,WR,A.Tate,00-0034686
2018,Brandon Bell,CIN,LB,B.Bell,00-0033337
2018,Brandon Wilson,CIN,DB,B.Wilson,00-0033791
2018,C.J. Uzomah,CIN,TE,C.Uzomah,00-0032134
2018,Carl Lawson,CIN,DE,C.Lawson,00-0033463
2018,Carlos Dunlap,CIN,DE,C.Dunlap,00-0027662
2018,Chris Worley,CIN,LB,C.Worley,00-0034537
2018,Christian Ringo,CIN,DE,C.Ringo,00-0031615
2018,Clayton Fejedelem,CIN,DB,C.Fejedelem,00-0032807
2018,Cody Core,CIN,WR,C.Core,00-0032795
2018,Darius Phillips,CIN,CB,D.Phillips,00-0034683
2018,Darqueze Dennard,CIN,DB,D.Dennard,00-0031380
2018,Davontae Harris,CIN,CB,D.Harris,00-0034388
2018,Dre Kirkpatrick,CIN,CB,D.Kirkpatrick,00-0029560
2018,Geno Atkins,CIN,DT,G.Atkins,00-0027720
2018,Giovani Bernard,CIN,RB,G.Bernard,00-0030456
2018,Hardy Nickerson,CIN,MLB,H.Nickerson,00-0033344
2018,Jeff Driskel,CIN,QB,J.Driskel,00-0032436
2018,Jessie Bates,CIN,FS,J.Bates,00-0034675
2018,Joe Mixon,CIN,RB,J.Mixon,00-0033897
2018,John Ross,CIN,WR,J.Ross,00-0033460
2018,Jordan Evans,CIN,OLB,J.Evans,00-0033790
2018,Jordan Franks,CIN,TE,J.Franks,00-0034532
2018,Jordan Willis,CIN,DE,J.Willis,00-0033912
2018,Josh Malone,CIN,WR,J.Malone,00-0033859
2018,Josh Tupou,CIN,DT,J.Tupou,00-0033347
2018,Kasim Edebali,CIN,DE,K.Edebali,00-0031255
2018,KeiVarae Russell,CIN,CB,K.Russell,00-0033091
2018,Malik Jefferson,CIN,LB,M.Jefferson,00-0034835
2018,Mark Walton,CIN,RB,M.Walton,00-0034679
2018,Matt Lengel,CIN,TE,M.Lengel,00-0031788
2018,Michael Johnson,CIN,DE,M.Johnson,00-0027044
2018,Nick Vigil,CIN,OLB,N.Vigil,00-0032892
2018,Niles Scott,CIN,NT,N.Scott,00-0034077
2018,Preston Brown,CIN,MLB,P.Brown,00-0031171
2018,Randy Bullock,CIN,K,R.Bullock,00-0029421
2018,Ryan Glasgow,CIN,DT,R.Glasgow,00-0033786
2018,Sam Hubbard,CIN,DE,S.Hubbard,00-0034834
2018,Shawn Williams,CIN,SS,S.Williams,00-0030471
2018,Tony McRae,CIN,CB,T.McRae,00-0032934
2018,Tyler Boyd,CIN,WR,T.Boyd,00-0033009
2018,Tyler Eifert,CIN,TE,T.Eifert,00-0030549
2018,Tyler Kroft,CIN,TE,T.Kroft,00-0032214
2018,Vincent Rey,CIN,OLB,V.Rey,00-0027245
2018,Vontaze Burfict,CIN,OLB,V.Burfict,00-0028912
2018,William Jackson,CIN,CB,W.Jackson,00-0033107
2018,Anthony Zettel,CLE,DE,A.Zettel,00-0032435
2018,Antonio Callaway,CLE,WR,A.Callaway,00-0034772
2018,Baker Mayfield,CLE,QB,B.Mayfield,00-0034855
2018,Breshad Perriman,CLE,WR,B.Perriman,00-0032054
2018,Brian Price,CLE,DT,B.Price,00-0032649
2018,Briean Boddy-Calhoun,CLE,CB,B.Boddy-Calhoun,00-0032517
2018,Carl Davis,CLE,DT,C.Davis,00-0031938
2018,Chad Thomas,CLE,DE,C.Thomas,00-0034770
2018,Chris Smith,CLE,DE,C.Smith,00-0031264
2018,Christian Kirksey,CLE,OLB,C.Kirksey,00-0031361
2018,D'Juan Hines,CLE,LB,D.Hines,00-0034548
2018,Damarious Randall,CLE,SS,D.Randall,00-0032251
2018,Damion Ratley,CLE,WR,D.Ratley,00-0034273
2018,Darren Fells,CLE,TE,D.Fells,00-0029738
2018,David Njoku,CLE,TE,D.Njoku,00-0033885
2018,Denzel Ward,CLE,CB,D.Ward,00-0034856
2018,Derrick Kindred,CLE,CB,D.Kindred,00-0033076
2018,Derrick Willies,CLE,WR,D.Willies,00-0034258
2018,Devaroe Lawrence,CLE,DT,D.Lawrence,00-0033501
2018,Duke Johnson,CLE,RB,D.Johnson,00-0032257
2018,E.J. Gaines,CLE,CB,E.Gaines,00-0031394
2018,Emmanuel Ogbah,CLE,DE,E.Ogbah,00-0033073
2018,Genard Avery,CLE,OLB,G.Avery,00-0034682
2018,Greg Joseph,CLE,K,G.Joseph,00-0034450
2018,Jabrill Peppers,CLE,FS,J.Peppers,00-0033883
2018,Jamie Collins,CLE,OLB,J.Collins,00-0030421
2018,Jarvis Landry,CLE,WR,J.Landry,00-0031382
2018,Jermaine Whitehead,CLE,DB,J.Whitehead,00-0031512
2018,Joe Schobert,CLE,MLB,J.Schobert,00-0033125
2018,Juston Burris,CLE,CB,J.Burris,00-0032403
2018,Larry Ogunjobi,CLE,DT,L.Ogunjobi,00-0033905
2018,Myles Garrett,CLE,DE,M.Garrett,00-0033868
2018,Nick Chubb,CLE,RB,N.Chubb,00-0034791
2018,Orson Charles,CLE,TE,O.Charles,00-0029414
2018,Phillip Gaines,CLE,CB,P.Gaines,00-0031015
2018,Rashard Higgins,CLE,WR,R.Higgins,00-0032977
2018,Ray-Ray Armstrong,CLE,LB,R.Armstrong,00-0030050
2018,Seth DeValve,CLE,TE,S.DeValve,00-0033080
2018,T.J. Carrie,CLE,DB,T.Carrie,00-0031269
2018,Tanner Vallejo,CLE,LB,T.Vallejo,00-0033580
2018,Tavierre Thomas,CLE,CB,T.Thomas,00-0034488
2018,Terrance Mitchell,CLE,CB,T.Mitchell,00-0031097
2018,Trevon Coley,CLE,DT,T.Coley,00-0032566
2018,Tyrod Taylor,CLE,QB,T.Taylor,00-0028118
2018,Xavier Woodson-Luster,CLE,LB,X.Woodson-Luster,00-0033450
2018,Allen Hurns,DAL,WR,A.Hurns,00-0030821
2018,Amari Cooper,DAL,WR,A.Cooper,00-0031544
2018,Anthony Brown,DAL,CB,A.Brown,00-0033047
2018,Antwaun Woods,DAL,DT,A.Woods,00-0032871
2018,Blake Jarwin,DAL,TE,B.Jarwin,00-0033658
2018,Brett Maher,DAL,K,B.Maher,00-0030332
2018,Byron Jones,DAL,CB,B.Jones,00-0032239
2018,C.J. Goodwin,DAL,DB,C.Goodwin,00-0031357
2018,Caraun Reid,DAL,DT,C.Reid,00-0031071
2018,Chidobe Awuzie,DAL,CB,C.Awuzie,00-0033548
2018,Chris Covington,DAL,LB,C.Covington,00-0034410
2018,Cole Beasley,DAL,WR,C.Beasley,00-0029000
2018,Dak Prescott,DAL,QB,D.Prescott,00-0033077
2018,Dalton Schultz,DAL,TE,D.Schultz,00-0034383
2018,Damien Wilson,DAL,OLB,D.Wilson,00-0032215
2018,Daniel Ross,DAL,DT,D.Ross,00-0033535
2018,Darian Thompson,DAL,DB,D.Thompson,00-0033083
2018,Darius Jackson,DAL,RB,D.Jackson,00-0033049
2018,Datone Jones,DAL,DE,D.Jones,00-0030576
2018,David Irving,DAL,DT,D.Irving,00-0031997
2018,Demarcus Lawrence,DAL,DE,D.Lawrence,00-0031411
2018,Dorance Armstrong,DAL,DE,D.Armstrong,00-0034373
2018,Ezekiel Elliott,DAL,RB,E.Elliott,00-0033045
2018,Geoff Swaim,DAL,TE,G.Swaim,00-0032141
2018,Jaylon Smith,DAL,MLB,J.Smith,00-0033052
2018,Jeff Heath,DAL,SS,J.Heath,00-0030196
2018,Joe Thomas,DAL,LB,J.Thomas,00-0030761
2018,Jourdan Lewis,DAL,CB,J.Lewis,00-0033928
2018,Justin March-Lillard,DAL,LB,J.March-Lillard,00-0031999
2018,Kavon Frazier,DAL,FS,K.Frazier,00-0033048
2018,Leighton Vander Esch,DAL,OLB,L.Esch,00-0034674
2018,Maliek Collins,DAL,DT,M.Collins,00-0033131
2018,Michael Gallup,DAL,WR,M.Gallup,00-0034764
2018,Noah Brown,DAL,WR,N.Brown,00-0033591
2018,Randy Gregory,DAL,DE,R.Gregory,00-0032197
2018,Rico Gathers,DAL,TE,R.Gathers,00-0033054
2018,Rod Smith,DAL,RB,R.Smith,00-0031900
2018,Sean Lee,DAL,OLB,S.Lee,00-0027663
2018,Taco Charlton,DAL,DE,T.Charlton,00-0033541
2018,Tavon Austin,DAL,WR,T.Austin,00-0030525
2018,Terrance Williams,DAL,WR,T.Williams,00-0030542
2018,Treston Decoud,DAL,DB,T.Decoud,00-0033575
2018,Tyrone Crawford,DAL,DT,T.Crawford,00-0029641
2018,Xavier Woods,DAL,FS,X.Woods,00-0033579
2018,A.J. Johnson,DEN,LB,A.Johnson,00-0034887
2018,Aaron Wallace,DEN,LB,A.Wallace,00-0032799
2018,Adam Gotsis,DEN,DE,A.Gotsis,00-0033064
2018,Adam Jones,DEN,DB,A.Jones,00-0023441
2018,Andre Holmes,DEN,WR,A.Holmes,00-0028263
2018,Andy Janovich,DEN,FB,A.Janovich,00-0032956
2018,Bradley Chubb,DEN,OLB,B.Chubb,00-0034832
2018,Bradley Roby,DEN,CB,B.Roby,00-0031372
2018,Brandon Marshall,DEN,ILB,B.Marshall,00-0029620
2018,Brandon McManus,DEN,K,B.McManus,00-0029822
2018,Brendan Langley,DEN,CB,B.Langley,00-0033552
2018,Brian Parker,DEN,TE,B.Parker,00-0032089
2018,Case Keenum,DEN,QB,C.Keenum,00-0028986
2018,Chris Harris,DEN,CB,C.Harris,00-0028224
2018,Courtland Sutton,DEN,WR,C.Sutton,00-0034348
2018,Craig Mager,DEN,CB,C.Mager,00-0032106
2018,DaeSean Hamilton,DEN,WR,D.Hamilton,00-0034370
2018,Darian Stewart,DEN,SS,D.Stewart,00-0027256
2018,DeMarcus Walker,DEN,DE,D.Walker,00-0033782
2018,Derek Wolfe,DEN,DE,D.Wolfe,00-0029586
2018,Devontae Booker,DEN,RB,D.Booker,00-0032972
2018,Domata Peko Sr.,DEN,NT,D.Sr.,00-0024338
2018,Dymonte Thomas,DEN,DB,D.Thomas,00-0033675
2018,Emmanuel Sanders,DEN,WR,E.Sanders,00-0027685
2018,Horace Richardson,DEN,CB,H.Richardson,00-0033333
2018,Isaac Yiadom,DEN,CB,I.Yiadom,00-0034780
2018,Jake Butt,DEN,TE,J.Butt,00-0033564
2018,Jamar Taylor,DEN,CB,J.Taylor,00-0030484
2018,Jeff Heuerman,DEN,TE,J.Heuerman,00-0032227
2018,Jeff Holland,DEN,LB,J.Holland,00-0034107
2018,Joe Jones,DEN,LB,J.Jones,00-0033659
2018,Josey Jewell,DEN,ILB,J.Jewell,00-0034368
2018,Justin Simmons,DEN,FS,J.Simmons,00-0032971
2018,Keishawn Bierria,DEN,LB,K.Bierria,00-0034422
2018,Matt LaCosse,DEN,TE,M.LaCosse,00-0031744
2018,Phillip Lindsay,DEN,RB,P.Lindsay,00-0034109
2018,River Cracraft,DEN,WR,R.Cracraft,00-0034054
2018,Royce Freeman,DEN,RB,R.Freeman,00-0034838
2018,Shamarko Thomas,DEN,DB,S.Thomas,00-0030412
2018,Shane Ray,DEN,LB,S.Ray,00-0032221
2018,Shaquil Barrett,DEN,LB,S.Barrett,00-0031101
2018,Shelby Harris,DEN,DE,S.Harris,00-0031270
2018,Su'a Cravens,DEN,DB,S.Cravens,00-0032767
2018,Tim Patrick,DEN,WR,T.Patrick,00-0033375
2018,Todd Davis,DEN,ILB,T.Davis,00-0031427
2018,Tramaine Brock,DEN,DB,T.Brock,00-0027375
2018,Trey Marshall,DEN,DB,T.Marshall,00-0034111
2018,Von Miller,DEN,OLB,V.Miller,00-0027940
2018,Will Parks,DEN,SS,W.Parks,00-0032958
2018,Zach Kerr,DEN,DE,Z.Kerr,00-0031105
2018,A'Shawn Robinson,DET,DT,A.Robinson,00-0032889
2018,Andre Chachere,DET,DB,A.Chachere,00-0034623
2018,Andy Jones,DET,WR,A.Jones,00-0032707
2018,Brandon Powell,DET,WR,B.Powell,00-0034646
2018,Bruce Ellington,DET,WR,B.Ellington,00-0031326
2018,Charles Washington,DET,DB,C.Washington,00-0032560
2018,Chris Lacy,DET,WR,C.Lacy,00-0034593
2018,Christian Jones,DET,OLB,C.Jones,00-0031130
2018,Da'Shawn Hand,DET,DE,D.Hand,00-0034371
2018,Damon Harrison,DET,DT,D.Harrison,00-0029040
2018,Darius Slay,DET,CB,D.Slay,00-0030062
2018,Dee Virgin,DET,DB,D.Virgin,00-0033779
2018,DeShawn Shead,DET,DB,D.Shead,00-0029191
2018,Devon Kennard,DET,OLB,D.Kennard,00-0031241
2018,Don Carey,DET,DB,D.Carey,00-0027124
2018,Eli Harold,DET,LB,E.Harold,00-0032060
2018,Eric Lee,DET,DE,E.Lee,00-0032730
2018,Ezekiel Ansah,DET,DE,E.Ansah,00-0030059
2018,Glover Quin,DET,FS,G.Quin,00-0027081
2018,Jalen Reeves-Maybin,DET,LB,J.Reeves-Maybin,00-0033557
2018,Jamal Agnew,DET,CB,J.Agnew,00-0033572
2018,Jarrad Davis,DET,MLB,J.Davis,00-0033539
2018,Jerome Cunningham,DET,TE,J.Cunningham,00-0031462
2018,John Atkins,DET,DE,J.Atkins,00-0034586
2018,Kelvin Sheppard,DET,LB,K.Sheppard,00-0028006
2018,Kenny Golladay,DET,WR,K.Golladay,00-0033932
2018,Kerry Hyder,DET,DE,K.Hyder,00-0030946
2018,Kerryon Johnson,DET,RB,K.Johnson,00-0034349
2018,LeGarrette Blount,DET,RB,L.Blount,00-0027325
2018,Levine Toilolo,DET,TE,L.Toilolo,00-0030443
2018,Luke Willson,DET,TE,L.Willson,00-0030089
2018,Marcus Cooper,DET,DB,M.Cooper,00-0030127
2018,Marvin Jones,DET,WR,M.Jones,00-0029293
2018,Matt Cassel,DET,QB,M.Cassel,00-0023662
2018,Matt Prater,DET,K,M.Prater,00-0023853
2018,Matthew Stafford,DET,QB,M.Stafford,00-0026498
2018,Michael Roberts,DET,TE,M.Roberts,00-0033559
2018,Mike Ford,DET,DB,M.Ford,00-0034639
2018,Miles Killebrew,DET,DB,M.Killebrew,00-0032399
2018,Mitchell Loewen,DET,DE,M.Loewen,00-0032883
2018,Nevin Lawson,DET,CB,N.Lawson,00-0031176
2018,Nicholas Grigsby,DET,LB,N.Grigsby,00-0032674
2018,Nick Bellore,DET,FB,N.Bellore,00-0028292
2018,Quandre Diggs,DET,SS,Q.Diggs,00-0031608
2018,Ricky Jean Francois,DET,DT,R.Francois,00-0026502
2018,Romeo Okwara,DET,DE,R.Okwara,00-0032655
2018,T.J. Jones,DET,WR,T.Jones,00-0031189
2018,Tavon Wilson,DET,DB,T.Wilson,00-0029410
2018,Teez Tabor,DET,CB,T.Tabor,00-0033545
2018,Theo Riddick,DET,RB,T.Riddick,00-0030107
2018,Tracy Walker,DET,DB,T.Walker,00-0034745
2018,Trevor Bates,DET,LB,T.Bates,00-0032452
2018,Zach Zenner,DET,RB,Z.Zenner,00-0031665
2018,Aaron Jones,GB,RB,A.Jones,00-0033293
2018,Aaron Rodgers,GB,QB,A.Rodgers,00-0023459
2018,Allen Lazard,GB,WR,A.Lazard,00-0034521
2018,Antonio Morrison,GB,ILB,A.Morrison,00-0032406
2018,Bashaud Breeland,GB,DB,B.Breeland,00-0031052
2018,Blake Martinez,GB,ILB,B.Martinez,00-0032408
2018,Clay Matthews,GB,OLB,C.Matthews,00-0027002
2018,Davante Adams,GB,WR,D.Adams,00-0031381
2018,Davon House,GB,DB,D.House,00-0028069
2018,Dean Lowry,GB,DE,D.Lowry,00-0032412
2018,DeShone Kizer,GB,QB,D.Kizer,00-0033899
2018,Eddie Pleasant,GB,DB,E.Pleasant,00-0029520
2018,Equanimeous St. Brown,GB,WR,E.Brown,00-0034279
2018,Fadol Brown,GB,DE,F.Brown,00-0033438
2018,Geronimo Allison,GB,WR,G.Allison,00-0032626
2018,Ibraheim Campbell,GB,DB,I.Campbell,00-0032198
2018,J'Mon Moore,GB,WR,J.Moore,00-0034268
2018,Jaire Alexander,GB,CB,J.Alexander,00-0034728
2018,Jake Kumerow,GB,WR,J.Kumerow,00-0031787
2018,Jamaal Williams,GB,RB,J.Williams,00-0033948
2018,James Crawford,GB,LB,J.Crawford,00-0034881
2018,James Looney,GB,DE,J.Looney,00-0034284
2018,Jimmy Graham,GB,TE,J.Graham,00-0027696
2018,Josh Jackson,GB,CB,J.Jackson,00-0034751
2018,Josh Jones,GB,DB,J.Jones,00-0033903
2018,Kapri Bibbs,GB,RB,K.Bibbs,00-0031102
2018,Kendall Donnerson,GB,LB,K.Donnerson,00-0034287
2018,Kenny Clark,GB,NT,K.Clark,00-0033120
2018,Kentrell Brice,GB,SS,K.Brice,00-0032628
2018,Kevin King,GB,CB,K.King,00-0033524
2018,Korey Toomer,GB,LB,K.Toomer,00-0029289
2018,Kyler Fackrell,GB,LB,K.Fackrell,00-0032955
2018,Lance Kendricks,GB,TE,L.Kendricks,00-0027985
2018,Marcedes Lewis,GB,TE,M.Lewis,00-0024243
2018,Marquez Valdes-Scantling,GB,WR,M.Valdes-Scantling,00-0034272
2018,Mason Crosby,GB,K,M.Crosby,00-0025580
2018,Mike Daniels,GB,DE,M.Daniels,00-0029284
2018,Montravius Adams,GB,DT,M.Adams,00-0033929
2018,Muhammad Wilkerson,GB,DE,M.Wilkerson,00-0027968
2018,Natrell Jamerson,GB,DB,N.Jamerson,00-0034398
2018,Nick Perry,GB,OLB,N.Perry,00-0029408
2018,Oren Burks,GB,ILB,O.Burks,00-0034754
2018,Randall Cobb,GB,WR,R.Cobb,00-0028002
2018,Raven Greene,GB,DB,R.Greene,00-0034179
2018,Reggie Gilbert,GB,LB,R.Gilbert,00-0032633
2018,Robert Tonyan,GB,TE,R.Tonyan,00-0033757
2018,Tony Brown,GB,DB,T.Brown,00-0034540
2018,Tramon Williams,GB,CB,T.Williams,00-0024061
2018,Tyler Lancaster,GB,DT,T.Lancaster,00-0034185
2018,Will Redmond,GB,CB,W.Redmond,00-0033124
2018,A.J. Moore,HOU,DB,A.Moore,00-0034594
2018,Aaron Colvin,HOU,CB,A.Colvin,00-0031259
2018,Alfred Blue,HOU,RB,A.Blue,00-0031075
2018,Andre Hal,HOU,DB,A.Hal,00-0031087
2018,Angelo Blackson,HOU,DE,A.Blackson,00-0032107
2018,Benardrick McKinney,HOU,ILB,B.McKinney,00-0031553
2018,Brandon Dunn,HOU,NT,B.Dunn,00-0031127
2018,Brennan Scarlett,HOU,OLB,B.Scarlett,00-0032734
2018,Brian Peters,HOU,LB,B.Peters,00-0031491
2018,Carlos Watkins,HOU,DE,C.Watkins,00-0033563
2018,Christian Covington,HOU,DE,C.Covington,00-0031619
2018,D'Onta Foreman,HOU,RB,D.Foreman,00-0033925
2018,D.J. Reader,HOU,DE,D.Reader,00-0032424
2018,DeAndre Carter,HOU,WR,D.Carter,00-0031763
2018,DeAndre Hopkins,HOU,WR,D.Hopkins,00-0030564
2018,Deante Burton,HOU,DB,D.Burton,00-0033222
2018,Demaryius Thomas,HOU,WR,D.Thomas,00-0027874
2018,Deshaun Watson,HOU,QB,D.Watson,00-0033537
2018,Duke Ejiofor,HOU,LB,D.Ejiofor,00-0034402
2018,Dylan Cole,HOU,LB,D.Cole,00-0033765
2018,J.J. Watt,HOU,DE,J.Watt,00-0027949
2018,Jadeveon Clowney,HOU,OLB,J.Clowney,00-0031364
2018,Joel Heath,HOU,DE,J.Heath,00-0032727
2018,Johnathan Joseph,HOU,CB,J.Joseph,00-0024239
2018,Johnson Bademosi,HOU,DB,J.Bademosi,00-0029065
2018,Jordan Akins,HOU,TE,J.Akins,00-0034364
2018,Jordan Thomas,HOU,TE,J.Thomas,00-0034420
2018,Josh Keyes,HOU,LB,J.Keyes,00-0031847
2018,Justin Reid,HOU,SS,J.Reid,00-0034361
2018,Ka'imi Fairbairn,HOU,K,K.Fairbairn,00-0032726
2018,Kareem Jackson,HOU,SS,K.Jackson,00-0027872
2018,Kayvon Webster,HOU,DB,K.Webster,00-0030523
2018,Keke Coutee,HOU,WR,K.Coutee,00-0034366
2018,Kevin Johnson,HOU,CB,K.Johnson,00-0031548
2018,Lamar Miller,HOU,RB,L.Miller,00-0029615
2018,Mike Tyson,HOU,DB,M.Tyson,00-0033861
2018,Peter Kalambayi,HOU,LB,P.Kalambayi,00-0034421
2018,Ryan Griffin,HOU,TE,R.Griffin,00-0030108
2018,Sammie Coates,HOU,WR,S.Coates,00-0032166
2018,Shareece Wright,HOU,DB,S.Wright,00-0028027
2018,Tyrann Mathieu,HOU,FS,T.Mathieu,00-0030459
2018,Tyrell Adams,HOU,LB,T.Adams,00-0032094
2018,Vyncint Smith,HOU,WR,V.Smith,00-0034631
2018,Whitney Mercilus,HOU,OLB,W.Mercilus,00-0029643
2018,Will Fuller,HOU,WR,W.Fuller,00-0033127
2018,Zach Cunningham,HOU,ILB,Z.Cunningham,00-0033547
2018,Adam Vinatieri,IND,K,A.Vinatieri,00-0016919
2018,Ahmad Thomas,IND,LB,A.Thomas,00-0033447
2018,Al-Quadin Muhammad,IND,DT,A.Muhammad,00-0033964
2018,Al Woods,IND,DT,A.Woods,00-0027723
2018,Andrew Luck,IND,QB,A.Luck,00-0029668
2018,Anthony Walker,IND,MLB,A.Walker,00-0033570
2018,Carroll Phillips,IND,DE,C.Phillips,00-0033693
2018,Chester Rogers,IND,WR,C.Rogers,00-0032355
2018,Chris Milton,IND,CB,C.Milton,00-0032353
2018,Christine Michael,IND,RB,C.Michael,00-0030432
2018,Clayton Geathers,IND,SS,C.Geathers,00-0031571
2018,Corey Moore,IND,DB,C.Moore,00-0032050
2018,Darius Leonard,IND,OLB,D.Leonard,00-0034846
2018,Denico Autry,IND,DT,D.Autry,00-0031254
2018,Dontrelle Inman,IND,WR,D.Inman,00-0028411
2018,Eric Ebron,IND,TE,E.Ebron,00-0031387
2018,Erik Swoope,IND,TE,E.Swoope,00-0030854
2018,George Odum,IND,DB,G.Odum,00-0034091
2018,Grover Stewart,IND,DT,G.Stewart,00-0033952
2018,Hassan Ridgeway,IND,DT,H.Ridgeway,00-0032402
2018,J.J. Wilcox,IND,DB,J.Wilcox,00-0030543
2018,Jabaal Sheard,IND,DE,J.Sheard,00-0027975
2018,Jack Doyle,IND,TE,J.Doyle,00-0030181
2018,Jacoby Brissett,IND,QB,J.Brissett,00-0033119
2018,Jalen Collins,IND,CB,J.Collins,00-0031552
2018,Jihad Ward,IND,DE,J.Ward,00-0033046
2018,Jordan Wilkins,IND,RB,J.Wilkins,00-0034400
2018,Kemoko Turay,IND,DE,K.Turay,00-0034354
2018,Kenny Moore,IND,CB,K.Moore,00-0033393
2018,Malik Hooker,IND,FS,M.Hooker,00-0033877
2018,Marcus Johnson,IND,WR,M.Johnson,00-0032980
2018,Margus Hunt,IND,DE,M.Hunt,00-0030449
2018,Marlon Mack,IND,RB,M.Mack,00-0033951
2018,Matthew Adams,IND,OLB,M.Adams,00-0034424
2018,Matthias Farley,IND,DB,M.Farley,00-0032496
2018,Mike Mitchell,IND,SS,M.Mitchell,00-0027023
2018,Mo Alie-Cox,IND,TE,M.Alie-Cox,00-0033217
2018,Najee Goode,IND,LB,N.Goode,00-0029418
2018,Nate Hairston,IND,CB,N.Hairston,00-0033568
2018,Nyheim Hines,IND,RB,N.Hines,00-0034367
2018,Pierre Desir,IND,CB,P.Desir,00-0031331
2018,Quincy Wilson,IND,CB,Q.Wilson,00-0033544
2018,Robert Turbin,IND,RB,R.Turbin,00-0029273
2018,Rolan Milligan,IND,DB,R.Milligan,00-0032830
2018,Ryan Grant,IND,WR,R.Grant,00-0031068
2018,Ryan Hewitt,IND,TE,R.Hewitt,00-0030780
2018,Skai Moore,IND,LB,S.Moore,00-0034090
2018,T.Y. Hilton,IND,WR,T.Hilton,00-0029608
2018,Tyquan Lewis,IND,DE,T.Lewis,00-0034359
2018,Zach Pascal,IND,WR,Z.Pascal,00-0033251
2018,Zaire Franklin,IND,OLB,Z.Franklin,00-0034431
2018,A.J. Bouye,JAX,CB,A.Bouye,00-0030228
2018,Abry Jones,JAX,DT,A.Jones,00-0029946
2018,Austin Seferian-Jenkins,JAX,TE,A.Seferian-Jenkins,00-0031418
2018,Barry Church,JAX,SS,B.Church,00-0027416
2018,Blair Brown,JAX,LB,B.Brown,00-0033841
2018,Blake Bell,JAX,TE,B.Bell,00-0032062
2018,Blake Bortles,JAX,QB,B.Bortles,00-0031407
2018,Breon Borders,JAX,CB,B.Borders,00-0033435
2018,C.J. Reavis,JAX,DB,C.Reavis,00-0034526
2018,Calais Campbell,JAX,DE,C.Campbell,00-0026190
2018,Carlos Hyde,JAX,RB,C.Hyde,00-0031045
2018,Cody Davis,JAX,DB,C.Davis,00-0029764
2018,Cody Kessler,JAX,QB,C.Kessler,00-0033104
2018,Corey Grant,JAX,RB,C.Grant,00-0031731
2018,D.J. Chark,JAX,WR,D.Chark,00-0034777
2018,D.J. Hayden,JAX,DB,D.Hayden,00-0030572
2018,Dave Williams,JAX,RB,D.Williams,00-0034427
2018,David Grinnage,JAX,TE,D.Grinnage,00-0032634
2018,Dawuane Smoot,JAX,DE,D.Smoot,00-0033907
2018,Dede Westbrook,JAX,WR,D.Westbrook,00-0033839
2018,Donald Payne,JAX,LB,D.Payne,00-0033420
2018,Donte Moncrief,JAX,WR,D.Moncrief,00-0031339
2018,Eli Ankou,JAX,DT,E.Ankou,00-0033598
2018,Jalen Ramsey,JAX,CB,J.Ramsey,00-0033055
2018,Jamaal Charles,JAX,RB,J.Charles,00-0026213
2018,James O'Shaughnessy,JAX,TE,J.O'Shaughnessy,00-0031951
2018,Jarrod Wilson,JAX,DB,J.Wilson,00-0032525
2018,Josh Lambo,JAX,K,J.Lambo,00-0032087
2018,Kai Forbath,JAX,K,K.Forbath,00-0028787
2018,Keelan Cole,JAX,WR,K.Cole,00-0033681
2018,Leon Jacobs,JAX,OLB,L.Jacobs,00-0034428
2018,Leonard Fournette,JAX,RB,L.Fournette,00-0033856
2018,Lerentee McCray,JAX,DE,L.McCray,00-0029799
2018,Lyndon Johnson,JAX,DE,L.Johnson,00-0034520
2018,Malik Jackson,JAX,DT,M.Jackson,00-0029568
2018,Marcell Dareus,JAX,DT,M.Dareus,00-0027941
2018,Martrell Spaight,JAX,LB,M.Spaight,00-0031945
2018,Myles Jack,JAX,MLB,M.Jack,00-0032968
2018,Nick DeLuca,JAX,LB,N.DeLuca,00-0034655
2018,Niles Paul,JAX,TE,N.Paul,00-0028093
2018,Quenton Meeks,JAX,CB,Q.Meeks,00-0034523
2018,Rashad Greene,JAX,WR,R.Greene,00-0032170
2018,Ronnie Harrison,JAX,DB,R.Harrison,00-0034779
2018,T.J. Yeldon,JAX,RB,T.Yeldon,00-0032209
2018,Tashaun Gipson,JAX,FS,T.Gipson,00-0028924
2018,Taven Bryan,JAX,DT,T.Bryan,00-0034842
2018,Telvin Smith,JAX,OLB,T.Smith,00-0031309
2018,Tommy Bohanon,JAX,FB,T.Bohanon,00-0030112
2018,Tre Herndon,JAX,CB,T.Herndon,00-0034516
2018,Tyler Patmon,JAX,DB,T.Patmon,00-0031276
2018,Yannick Ngakoue,JAX,DE,Y.Ngakoue,00-0033123
2018,Allen Bailey,KC,DE,A.Bailey,00-0028024
2018,Anthony Hitchens,KC,ILB,A.Hitchens,00-0031348
2018,Anthony Sherman,KC,RB,A.Sherman,00-0028074
2018,Armani Watts,KC,DB,A.Watts,00-0034680
2018,Ben Niemann,KC,LB,B.Niemann,00-0034296
2018,Breeland Speaks,KC,OLB,B.Speaks,00-0034774
2018,Chad Henne,KC,QB,C.Henne,00-0026197
2018,Charcandrick West,KC,RB,C.West,00-0030668
2018,Charvarius Ward,KC,CB,C.Ward,00-0034573
2018,Chris Conley,KC,WR,C.Conley,00-0032128
2018,Chris Jones,KC,DE,C.Jones,00-0032762
2018,Damien Williams,KC,RB,D.Williams,00-0030874
2018,Daniel Sorensen,KC,DB,D.Sorensen,00-0030665
2018,Darrel Williams,KC,RB,D.Williams,00-0034301
2018,De'Anthony Thomas,KC,WR,D.Thomas,00-0031060
2018,Dee Ford,KC,OLB,D.Ford,00-0031297
2018,Demarcus Robinson,KC,WR,D.Robinson,00-0032775
2018,Demetrius Harris,KC,TE,D.Harris,00-0030155
2018,Derrick Nnadi,KC,NT,D.Nnadi,00-0034818
2018,Dorian O'Daniel,KC,LB,D.O'Daniel,00-0034781
2018,Eric Berry,KC,DB,E.Berry,00-0027858
2018,Eric Murray,KC,SS,E.Murray,00-0033038
2018,Frank Zombo,KC,LB,F.Zombo,00-0027442
2018,Gehrig Dieter,KC,WR,G.Dieter,00-0033474
2018,Harrison Butker,KC,K,H.Butker,00-0033303
2018,Jarvis Jenkins,KC,DT,J.Jenkins,00-0027979
2018,Jordan Lucas,KC,SS,J.Lucas,00-0032797
2018,Justin Hamilton,KC,DT,J.Hamilton,00-0031636
2018,Justin Houston,KC,OLB,J.Houston,00-0028008
2018,Kareem Hunt,KC,RB,K.Hunt,00-0033923
2018,Kelvin Benjamin,KC,WR,K.Benjamin,00-0031359
2018,Kendall Fuller,KC,CB,K.Fuller,00-0033084
2018,Leon McQuay III,KC,DB,L.III,00-0033470
2018,Marcus Kemp,KC,WR,M.Kemp,00-0033481
2018,Nate Orchard,KC,DE,N.Orchard,00-0031556
2018,Orlando Scandrick,KC,DB,O.Scandrick,00-0026283
2018,Patrick Mahomes,KC,QB,P.Mahomes,00-0033873
2018,Reggie Ragland,KC,ILB,R.Ragland,00-0033058
2018,Ron Parker,KC,FS,R.Parker,00-0028445
2018,Sammy Watkins,KC,WR,S.Watkins,00-0031325
2018,Spencer Ware,KC,RB,S.Ware,00-0030414
2018,Steven Nelson,KC,CB,S.Nelson,00-0032150
2018,Tanoh Kpassagnon,KC,LB,T.Kpassagnon,00-0033902
2018,Terrance Smith,KC,LB,T.Smith,00-0032820
2018,Travis Kelce,KC,TE,T.Kelce,00-0030506
2018,Tremon Smith,KC,DB,T.Smith,00-0034278
2018,Tyreek Hill,KC,WR,T.Hill,00-0033040
2018,Xavier Williams,KC,NT,X.Williams,00-0031713
2018,Adrian Phillips,LAC,DB,A.Phillips,00-0031404
2018,Anthony Lanier,LAC,DE,A.Lanier,00-0032369
2018,Antonio Gates,LAC,TE,A.Gates,00-0021547
2018,Austin Ekeler,LAC,RB,A.Ekeler,00-0033699
2018,Brandon Facyson,LAC,DB,B.Facyson,00-0034545
2018,Brandon Mebane,LAC,DT,B.Mebane,00-0025472
2018,Caleb Sturgis,LAC,K,C.Sturgis,00-0030390
2018,Casey Hayward,LAC,CB,C.Hayward,00-0029261
2018,Corey Liuget,LAC,DT,C.Liuget,00-0027956
2018,Damion Square,LAC,DE,D.Square,00-0030148
2018,Darius Philon,LAC,DT,D.Philon,00-0032116
2018,Denzel Perryman,LAC,MLB,D.Perryman,00-0032103
2018,Derek Watt,LAC,FB,D.Watt,00-0032897
2018,Derwin James,LAC,FS,D.James,00-0034790
2018,Desmond King,LAC,DB,D.King,00-0033566
2018,Detrez Newsome,LAC,RB,D.Newsome,00-0034565
2018,Geno Smith,LAC,QB,G.Smith,00-0030565
2018,Geremy Davis,LAC,WR,G.Davis,00-0031953
2018,Hayes Pullard,LAC,LB,H.Pullard,00-0032171
2018,Isaac Rochell,LAC,DE,I.Rochell,00-0033588
2018,Jahleel Addae,LAC,SS,J.Addae,00-0030312
2018,Jatavis Brown,LAC,OLB,J.Brown,00-0032895
2018,Jeff Richards,LAC,DB,J.Richards,00-0033187
2018,Joey Bosa,LAC,DE,J.Bosa,00-0033156
2018,Justin Jackson,LAC,RB,J.Jackson,00-0034440
2018,Justin Jones,LAC,DT,J.Jones,00-0034677
2018,Keenan Allen,LAC,WR,K.Allen,00-0030279
2018,Kyle Emanuel,LAC,OLB,K.Emanuel,00-0032110
2018,Kyle Wilson,LAC,LB,K.Wilson,00-0034776
2018,Kyzir White,LAC,OLB,K.White,00-0034375
2018,Melvin Gordon,LAC,RB,M.Gordon,00-0032144
2018,Melvin Ingram,LAC,DE,M.Ingram,00-0029249
2018,Michael Davis,LAC,CB,M.Davis,00-0033697
2018,Mike Badgley,LAC,K,M.Badgley,00-0034084
2018,Mike Williams,LAC,WR,M.Williams,00-0033536
2018,Nick Dzubnar,LAC,LB,N.Dzubnar,00-0032081
2018,Philip Rivers,LAC,QB,P.Rivers,00-0022942
2018,Rayshawn Jenkins,LAC,DB,R.Jenkins,00-0033941
2018,Sean Culkin,LAC,TE,S.Culkin,00-0033696
2018,T.Y. McGill,LAC,DT,T.McGill,00-0032162
2018,Travis Benjamin,LAC,WR,T.Benjamin,00-0029269
2018,Tre'Von Johnson,LAC,LB,T.Johnson,00-0033606
2018,Trevor Williams,LAC,CB,T.Williams,00-0032916
2018,Tyrell Williams,LAC,WR,T.Williams,00-0032160
2018,Uchenna Nwosu,LAC,LB,U.Nwosu,00-0034350
2018,Virgil Green,LAC,TE,V.Green,00-0028142
2018,Aaron Donald,LA,DE,A.Donald,00-0031388
2018,Aqib Talib,LA,CB,A.Talib,00-0026160
2018,Blake Countess,LA,CB,B.Countess,00-0032793
2018,Brandin Cooks,LA,WR,B.Cooks,00-0031236
2018,Bryce Hager,LA,LB,B.Hager,00-0032248
2018,C.J. Anderson,LA,RB,C.Anderson,00-0029854
2018,Cooper Kupp,LA,WR,C.Kupp,00-0033908
2018,Cory Littleton,LA,ILB,C.Littleton,00-0032677
2018,Dante Fowler,LA,LB,D.Fowler,00-0032052
2018,Darious Williams,LA,DB,D.Williams,00-0034203
2018,Dominique Easley,LA,OLB,D.Easley,00-0031425
2018,Dominique Hatfield,LA,CB,D.Hatfield,00-0033845
2018,Ethan Westbrooks,LA,DT,E.Westbrooks,00-0030986
2018,Gerald Everett,LA,TE,G.Everett,00-0033895
2018,Greg Zuerlein,LA,K,G.Zuerlein,00-0029621
2018,Isaiah Johnson,LA,DB,I.Johnson,00-0031657
2018,Jared Goff,LA,QB,J.Goff,00-0033106
2018,John Franklin-Myers,LA,DE,J.Franklin-Myers,00-0034805
2018,John Johnson,LA,SS,J.Johnson,00-0033927
2018,John Kelly,LA,RB,J.Kelly,00-0034808
2018,Johnny Mundt,LA,TE,J.Mundt,00-0033246
2018,JoJo Natson,LA,WR,J.Natson,00-0033266
2018,Josh Reynolds,LA,WR,J.Reynolds,00-0033943
2018,Justin Davis,LA,RB,J.Davis,00-0033760
2018,Justin Lawler,LA,DE,J.Lawler,00-0034813
2018,KhaDarel Hodge,LA,WR,K.Hodge,00-0034854
2018,Lamarcus Joyner,LA,FS,L.Joyner,00-0031389
2018,Malcolm Brown,LA,RB,M.Brown,00-0031806
2018,Marcus Peters,LA,CB,M.Peters,00-0032165
2018,Mark Barron,LA,ILB,M.Barron,00-0029670
2018,Marqui Christian,LA,DB,M.Christian,00-0032786
2018,Matt Longacre,LA,OLB,M.Longacre,00-0031814
2018,Micah Kiser,LA,LB,M.Kiser,00-0034806
2018,Michael Brockers,LA,DE,M.Brockers,00-0029630
2018,Ndamukong Suh,LA,NT,N.Suh,00-0027855
2018,Nick Williams,LA,WR,N.Williams,00-0029848
2018,Nickell Robey-Coleman,LA,DB,N.Robey-Coleman,00-0030041
2018,Obo Okoronkwo,LA,LB,O.Okoronkwo,00-0034807
2018,Ramik Wilson,LA,ILB,R.Wilson,00-0031943
2018,Robert Woods,LA,WR,R.Woods,00-0030431
2018,Sam Ficken,LA,K,S.Ficken,00-0033138
2018,Sam Shields,LA,CB,S.Shields,00-0027440
2018,Samson Ebukam,LA,OLB,S.Ebukam,00-0033945
2018,Sean Mannion,LA,QB,S.Mannion,00-0032245
2018,Sebastian Joseph-Day,LA,DT,S.Joseph-Day,00-0034810
2018,Tanzel Smart,LA,DT,T.Smart,00-0033963
2018,Todd Gurley,LA,RB,T.Gurley,00-0032241
2018,Trevon Young,LA,LB,T.Young,00-0034811
2018,Troy Hill,LA,CB,T.Hill,00-0031785
2018,Tyler Higbee,LA,TE,T.Higbee,00-0033110
2018,A.J. Derby,MIA,TE,A.Derby,00-0031609
2018,Akeem Spence,MIA,DT,A.Spence,00-0030402
2018,Albert Wilson,MIA,WR,A.Wilson,00-0030669
2018,Andre Branch,MIA,DE,A.Branch,00-0029600
2018,Bobby McCain,MIA,CB,B.McCain,00-0031587
2018,Brandon Bolden,MIA,RB,B.Bolden,00-0029239
2018,Brice Butler,MIA,WR,B.Butler,00-0030516
2018,Brock Osweiler,MIA,QB,B.Osweiler,00-0029682
2018,Cameron Wake,MIA,DE,C.Wake,00-0023368
2018,Charles Harris,MIA,DE,C.Harris,00-0033880
2018,Chase Allen,MIA,OLB,C.Allen,00-0033399
2018,Cordrea Tankersley,MIA,CB,C.Tankersley,00-0033462
2018,Cornell Armstrong,MIA,DB,C.Armstrong,00-0034792
2018,Danny Amendola,MIA,WR,D.Amendola,00-0026035
2018,Davon Godchaux,MIA,DT,D.Godchaux,00-0033860
2018,DeVante Parker,MIA,WR,D.Parker,00-0031547
2018,Durham Smythe,MIA,TE,D.Smythe,00-0034798
2018,Frank Gore,MIA,RB,F.Gore,00-0023500
2018,Isaiah Ford,MIA,WR,I.Ford,00-0033471
2018,Jakeem Grant,MIA,WR,J.Grant,00-0032791
2018,Jalen Davis,MIA,CB,J.Davis,00-0034446
2018,Jamiyus Pittman,MIA,DT,J.Pittman,00-0034454
2018,Jason Sanders,MIA,K,J.Sanders,00-0034794
2018,Jerome Baker,MIA,OLB,J.Baker,00-0034797
2018,Jonathan Woodard,MIA,DE,J.Woodard,00-0032800
2018,Kalen Ballage,MIA,RB,K.Ballage,00-0034799
2018,Kendrick Norton,MIA,DT,K.Norton,00-0034434
2018,Kenny Stills,MIA,WR,K.Stills,00-0030085
2018,Kenyan Drake,MIA,RB,K.Drake,00-0033118
2018,Kiko Alonso,MIA,OLB,K.Alonso,00-0030401
2018,Leonte Carroo,MIA,WR,L.Carroo,00-0033060
2018,Maurice Smith,MIA,DB,M.Smith,00-0033415
2018,Mike Gesicki,MIA,TE,M.Gesicki,00-0034829
2018,Mike Hull,MIA,LB,M.Hull,00-0031719
2018,Minkah Fitzpatrick,MIA,FS,M.Fitzpatrick,00-0034789
2018,Nick O'Leary,MIA,TE,N.O'Leary,00-0032117
2018,Raekwon McMillan,MIA,MLB,R.McMillan,00-0033461
2018,Reshad Jones,MIA,FS,R.Jones,00-0027762
2018,Robert Quinn,MIA,DE,R.Quinn,00-0027952
2018,Ryan Tannehill,MIA,QB,R.Tannehill,00-0029701
2018,Stephone Anthony,MIA,LB,S.Anthony,00-0032102
2018,Sylvester Williams,MIA,DT,S.Williams,00-0030577
2018,T.J. McDonald,MIA,SS,T.McDonald,00-0030530
2018,Torry McTyer,MIA,CB,T.McTyer,00-0033405
2018,Vincent Taylor,MIA,DT,V.Taylor,00-0033469
2018,Walt Aikens,MIA,DB,W.Aikens,00-0031307
2018,William Hayes,MIA,DE,W.Hayes,00-0026243
2018,Xavien Howard,MIA,CB,X.Howard,00-0033050
2018,Ziggy Hood,MIA,DT,Z.Hood,00-0027008
2018,Adam Thielen,MIN,WR,A.Thielen,00-0030035
2018,Aldrick Robinson,MIN,WR,A.Robinson,00-0028116
2018,Andrew Sendejo,MIN,SS,A.Sendejo,00-0027914
2018,Anthony Barr,MIN,OLB,A.Barr,00-0031256
2018,Anthony Harris,MIN,DB,A.Harris,00-0031799
2018,Ben Gedeon,MIN,OLB,B.Gedeon,00-0033944
2018,Brandon Zylstra,MIN,WR,B.Zylstra,00-0034052
2018,C.J. Ham,MIN,FB,C.Ham,00-0032918
2018,Chad Beebe,MIN,WR,C.Beebe,00-0034309
2018,Craig James,MIN,DB,C.James,00-0034310
2018,Dalvin Cook,MIN,RB,D.Cook,00-0033893
2018,Dan Bailey,MIN,K,D.Bailey,00-0028660
2018,Danielle Hunter,MIN,DE,D.Hunter,00-0031565
2018,David Morgan,MIN,TE,D.Morgan,00-0032430
2018,David Parry,MIN,DT,D.Parry,00-0031592
2018,Devante Downs,MIN,LB,D.Downs,00-0034167
2018,Eric Kendricks,MIN,MLB,E.Kendricks,00-0031554
2018,Eric Wilson,MIN,LB,E.Wilson,00-0033336
2018,Everson Griffen,MIN,DE,E.Griffen,00-0027701
2018,George Iloka,MIN,SS,G.Iloka,00-0029215
2018,Harrison Smith,MIN,FS,H.Smith,00-0029606
2018,Holton Hill,MIN,DB,H.Hill,00-0034213
2018,Jaleel Johnson,MIN,DT,J.Johnson,00-0033940
2018,Jalyn Holmes,MIN,DT,J.Holmes,00-0034264
2018,Jayron Kearse,MIN,SAF,J.Kearse,00-0032454
2018,Kentrell Brothers,MIN,LB,K.Brothers,00-0032422
2018,Kirk Cousins,MIN,QB,K.Cousins,00-0029604
2018,Kyle Rudolph,MIN,TE,K.Rudolph,00-0027981
2018,Laquon Treadwell,MIN,WR,L.Treadwell,00-0032951
2018,Latavius Murray,MIN,RB,L.Murray,00-0030513
2018,Linval Joseph,MIN,DT,L.Joseph,00-0027885
2018,Mackensie Alexander,MIN,CB,M.Alexander,00-0032389
2018,Marcus Sherels,MIN,DB,M.Sherels,00-0027547
2018,Mike Boone,MIN,RB,M.Boone,00-0034208
2018,Mike Hughes,MIN,CB,M.Hughes,00-0034843
2018,Roc Thomas,MIN,RB,R.Thomas,00-0034221
2018,Sheldon Richardson,MIN,DT,S.Richardson,00-0030573
2018,Stefon Diggs,MIN,WR,S.Diggs,00-0031588
2018,Stephen Weatherly,MIN,DE,S.Weatherly,00-0032448
2018,Tashawn Bower,MIN,DE,T.Bower,00-0033324
2018,Tom Johnson,MIN,DT,T.Johnson,00-0024030
2018,Trae Waynes,MIN,CB,T.Waynes,00-0031546
2018,Tyler Conklin,MIN,TE,T.Conklin,00-0034270
2018,Xavier Rhodes,MIN,CB,X.Rhodes,00-0030575
2018,Adam Butler,NE,DT,A.Butler,00-0033381
2018,Adrian Clayborn,NE,DE,A.Clayborn,00-0027958
2018,Albert McClellan,NE,LB,A.McClellan,00-0027560
2018,Brandon King,NE,LB,B.King,00-0031856
2018,Brian Hoyer,NE,QB,B.Hoyer,00-0026625
2018,Chris Hogan,NE,WR,C.Hogan,00-0028237
2018,Cordarrelle Patterson,NE,WR,C.Patterson,00-0030578
2018,Danny Shelton,NE,DT,D.Shelton,00-0032143
2018,Deatrich Wise,NE,DE,D.Wise,00-0033947
2018,Derek Rivers,NE,DE,D.Rivers,00-0033920
2018,Devin McCourty,NE,FS,D.McCourty,00-0027647
2018,Dont'a Hightower,NE,OLB,D.Hightower,00-0029669
2018,Duke Dawson,NE,DB,D.Dawson,00-0034744
2018,Duron Harmon,NE,SS,D.Harmon,00-0030383
2018,Dwayne Allen,NE,TE,D.Allen,00-0029689
2018,Elandon Roberts,NE,OLB,E.Roberts,00-0032442
2018,Eric Rowe,NE,CB,E.Rowe,00-0031555
2018,J.C. Jackson,NE,DB,J.Jackson,00-0034591
2018,Ja'Whaun Bentley,NE,LB,J.Bentley,00-0034385
2018,Jacob Hollister,NE,TE,J.Hollister,00-0033387
2018,James Develin,NE,FB,J.Develin,00-0027925
2018,James White,NE,RB,J.White,00-0031062
2018,Jason McCourty,NE,CB,J.McCourty,00-0027136
2018,Jeremy Hill,NE,RB,J.Hill,00-0031301
2018,John Simon,NE,OLB,J.Simon,00-0030442
2018,Jonathan Jones,NE,DB,J.Jones,00-0032580
2018,Josh Gordon,NE,WR,J.Gordon,00-0029664
2018,Julian Edelman,NE,WR,J.Edelman,00-0027150
2018,Keion Crossen,NE,DB,K.Crossen,00-0034435
2018,Keionta Davis,NE,DE,K.Davis,00-0034030
2018,Kyle Van Noy,NE,MLB,K.Noy,00-0031360
2018,Lawrence Guy,NE,DT,L.Guy,00-0028171
2018,Malcom Brown,NE,DT,M.Brown,00-0032261
2018,Nate Ebner,NE,DB,N.Ebner,00-0029570
2018,Obi Melifonwu,NE,DB,O.Melifonwu,00-0033900
2018,Patrick Chung,NE,SS,P.Chung,00-0027010
2018,Phillip Dorsett,NE,WR,P.Dorsett,00-0032208
2018,Ramon Humber,NE,LB,R.Humber,00-0026672
2018,Rex Burkhead,NE,RB,R.Burkhead,00-0030288
2018,Riley McCarron,NE,WR,R.McCarron,00-0033773
2018,Rob Gronkowski,NE,TE,R.Gronkowski,00-0027656
2018,Sony Michel,NE,RB,S.Michel,00-0034845
2018,Stephen Gostkowski,NE,K,S.Gostkowski,00-0024333
2018,Stephon Gilmore,NE,CB,S.Gilmore,00-0029542
2018,Tom Brady,NE,QB,T.Brady,00-0019596
2018,Trey Flowers,NE,DE,T.Flowers,00-0031566
2018,Ufomba Kamalu,NE,LB,U.Kamalu,00-0032729
2018,A.J. Klein,NO,OLB,A.Klein,00-0030463
2018,Alex Anzalone,NO,MLB,A.Anzalone,00-0033914
2018,Alex Okafor,NO,DE,A.Okafor,00-0030503
2018,Alvin Kamara,NO,RB,A.Kamara,00-0033906
2018,Arthur Maulet,NO,CB,A.Maulet,00-0033503
2018,Austin Carr,NO,WR,A.Carr,00-0033382
2018,Benjamin Watson,NO,TE,B.Watson,00-0022943
2018,Cameron Jordan,NO,DE,C.Jordan,00-0027962
2018,Cameron Meredith,NO,WR,C.Meredith,00-0031912
2018,Chris Banjo,NO,DB,C.Banjo,00-0029747
2018,Craig Robertson,NO,LB,C.Robertson,00-0028834
2018,Dan Arnold,NO,TE,D.Arnold,00-0034011
2018,David Onyemata,NO,DT,D.Onyemata,00-0033051
2018,Demario Davis,NO,OLB,D.Davis,00-0029607
2018,Demetri Goodson,NO,DB,D.Goodson,00-0031080
2018,Drew Brees,NO,QB,D.Brees,00-0020531
2018,Dwayne Washington,NO,RB,D.Washington,00-0032450
2018,Eli Apple,NO,CB,E.Apple,00-0032379
2018,J.T. Gray,NO,DB,J.Gray,00-0034116
2018,Jay Bromley,NO,DT,J.Bromley,00-0031403
2018,Josh Hill,NO,TE,J.Hill,00-0030216
2018,Josh Robinson,NO,DB,J.Robinson,00-0029691
2018,Justin Hardee,NO,DB,J.Hardee,00-0033770
2018,Keith Kirkwood,NO,WR,K.Kirkwood,00-0034317
2018,Ken Crawley,NO,CB,K.Crawley,00-0032875
2018,Kurt Coleman,NO,SS,K.Coleman,00-0027835
2018,Manti Te'o,NO,MLB,M.Te'o,00-0030278
2018,Marcus Davenport,NO,DE,M.Davenport,00-0034344
2018,Marcus Williams,NO,FS,M.Williams,00-0033894
2018,Mark Ingram,NO,RB,M.Ingram,00-0027966
2018,Marshon Lattimore,NO,CB,M.Lattimore,00-0033874
2018,Michael Thomas,NO,WR,M.Thomas,00-0032765
2018,Mike Gillislee,NO,RB,M.Gillislee,00-0030433
2018,P.J. Williams,NO,CB,P.Williams,00-0032059
2018,Patrick Robinson,NO,DB,P.Robinson,00-0027882
2018,Sheldon Rankins,NO,DT,S.Rankins,00-0032759
2018,Taylor Stallworth,NO,DT,T.Stallworth,00-0034325
2018,Taysom Hill,NO,QB,T.Hill,00-0033357
2018,Ted Ginn,NO,WR,T.Ginn,00-0025396
2018,Teddy Bridgewater,NO,QB,T.Bridgewater,00-0031237
2018,Tommylee Lewis,NO,WR,T.Lewis,00-0032881
2018,Tre'Quan Smith,NO,WR,T.Smith,00-0034765
2018,Trey Hendrickson,NO,DE,T.Hendrickson,00-0033935
2018,Tyeler Davison,NO,DT,T.Davison,00-0031947
2018,Vince Biegel,NO,LB,V.Biegel,00-0033939
2018,Vonn Bell,NO,SS,V.Bell,00-0032939
2018,Wil Lutz,NO,K,W.Lutz,00-0032569
2018,Zach Line,NO,FB,Z.Line,00-0029931
2018,Aldrick Rosas,NYG,K,A.Rosas,00-0032870
2018,Alec Ogletree,NYG,OLB,A.Ogletree,00-0030527
2018,Antonio Hamilton,NYG,CB,A.Hamilton,00-0032933
2018,B.J. Goodson,NYG,MLB,B.Goodson,00-0033121
2018,B.J. Hill,NYG,DE,B.Hill,00-0034800
2018,B.W. Webb,NYG,CB,B.Webb,00-0030403
2018,Bennie Fowler,NYG,WR,B.Fowler,00-0030670
2018,Cody Latimer,NYG,WR,C.Latimer,00-0031344
2018,Connor Barwin,NYG,ILB,C.Barwin,00-0027022
2018,Corey Coleman,NYG,WR,C.Coleman,00-0032966
2018,Curtis Riley,NYG,FS,C.Riley,00-0032042
2018,Dalvin Tomlinson,NYG,DE,D.Tomlinson,00-0033546
2018,Eli Manning,NYG,QB,E.Manning,00-0022803
2018,Elijhaa Penny,NYG,RB,E.Penny,00-0032813
2018,Evan Engram,NYG,TE,E.Engram,00-0033881
2018,Grant Haley,NYG,DB,G.Haley,00-0034502
2018,Janoris Jenkins,NYG,CB,J.Jenkins,00-0029681
2018,Jawill Davis,NYG,WR,J.Davis,00-0034499
2018,John Jenkins,NYG,DT,J.Jenkins,00-0030070
2018,Jonathan Stewart,NYG,RB,J.Stewart,00-0026153
2018,Josh Mauro,NYG,DE,J.Mauro,00-0030883
2018,Kam Moore,NYG,CB,K.Moore,00-0034408
2018,Kareem Martin,NYG,OLB,K.Martin,00-0031050
2018,Kenny Ladler,NYG,DB,K.Ladler,00-0030908
2018,Kerry Wynn,NYG,DE,K.Wynn,00-0030776
2018,Kyle Lauletta,NYG,QB,K.Lauletta,00-0034369
2018,Landon Collins,NYG,SS,L.Collins,00-0032262
2018,Lorenzo Carter,NYG,LB,L.Carter,00-0034360
2018,Mario Edwards,NYG,DE,M.Edwards,00-0032265
2018,Michael Thomas,NYG,DB,M.Thomas,00-0028908
2018,Nate Stupar,NYG,MLB,N.Stupar,00-0029629
2018,Odell Beckham,NYG,WR,O.Beckham,00-0031235
2018,Olivier Vernon,NYG,OLB,O.Vernon,00-0029693
2018,Rhett Ellison,NYG,TE,R.Ellison,00-0029587
2018,RJ McIntosh,NYG,DT,R.McIntosh,00-0034848
2018,Russell Shepard,NYG,WR,R.Shepard,00-0030147
2018,Saquon Barkley,NYG,RB,S.Barkley,00-0034844
2018,Scott Simonson,NYG,TE,S.Simonson,00-0031167
2018,Sean Chandler,NYG,DB,S.Chandler,00-0034496
2018,Sterling Shepard,NYG,WR,S.Shepard,00-0032385
2018,Tae Davis,NYG,LB,T.Davis,00-0034500
2018,Tony Lippett,NYG,DB,T.Lippett,00-0031594
2018,Ukeme Eligwe,NYG,LB,U.Eligwe,00-0033468
2018,Wayne Gallman,NYG,RB,W.Gallman,00-0033950
2018,Andre Roberts,NYJ,WR,A.Roberts,00-0027691
2018,Anthony Wint,NYJ,LB,A.Wint,00-0034303
2018,Avery Williamson,NYJ,ILB,A.Williamson,00-0031263
2018,Bilal Powell,NYJ,RB,B.Powell,00-0028064
2018,Brandon Bryant,NYJ,DB,B.Bryant,00-0034841
2018,Brandon Copeland,NYJ,OLB,B.Copeland,00-0030010
2018,Bronson Kaufusi,NYJ,DE,B.Kaufusi,00-0033117
2018,Buster Skrine,NYJ,CB,B.Skrine,00-0028075
2018,Charone Peake,NYJ,WR,C.Peake,00-0032959
2018,Chris Herndon,NYJ,TE,C.Herndon,00-0034766
2018,Darron Lee,NYJ,ILB,D.Lee,00-0033147
2018,Darryl Roberts,NYJ,CB,D.Roberts,00-0031628
2018,De'Angelo Henderson Sr.,NYJ,RB,D.Sr.,00-0033581
2018,Deontay Burnett,NYJ,WR,D.Burnett,00-0034653
2018,Derrick Jones,NYJ,CB,D.Jones,00-0033299
2018,Destiny Vaeao,NYJ,DT,D.Vaeao,00-0032859
2018,Doug Middleton,NYJ,FS,D.Middleton,00-0032697
2018,Elijah McGuire,NYJ,RB,E.McGuire,00-0033295
2018,Emmanuel Lamur,NYJ,OLB,E.Lamur,00-0029479
2018,Eric Tomlinson,NYJ,TE,E.Tomlinson,00-0031690
2018,Foley Fatukasi,NYJ,DT,F.Fatukasi,00-0034275
2018,Frankie Luvu,NYJ,LB,F.Luvu,00-0034302
2018,Henry Anderson,NYJ,DE,H.Anderson,00-0032269
2018,Isaiah Crowell,NYJ,RB,I.Crowell,00-0030656
2018,J.J. Jones,NYJ,WR,J.Jones,00-0034560
2018,Jamal Adams,NYJ,SS,J.Adams,00-0033872
2018,Jason Myers,NYJ,K,J.Myers,00-0031492
2018,Jeremiah Attaochu,NYJ,LB,J.Attaochu,00-0031258
2018,Jeremy Clark,NYJ,CB,J.Clark,00-0033520
2018,Jermaine Kearse,NYJ,WR,J.Kearse,00-0029159
2018,Jordan Jenkins,NYJ,OLB,J.Jenkins,00-0032970
2018,Jordan Leggett,NYJ,TE,J.Leggett,00-0033953
2018,Josh Martin,NYJ,LB,J.Martin,00-0030160
2018,Josh McCown,NYJ,QB,J.McCown,00-0021206
2018,Kevin Pierre-Louis,NYJ,LB,K.Pierre-Louis,00-0031308
2018,Leonard Williams,NYJ,DE,L.Williams,00-0031933
2018,Marcus Maye,NYJ,FS,M.Maye,00-0033892
2018,Mike Pennel,NYJ,DT,M.Pennel,00-0030757
2018,Morris Claiborne,NYJ,CB,M.Claiborne,00-0029676
2018,Nathan Shepherd,NYJ,DE,N.Shepherd,00-0034760
2018,Neal Sterling,NYJ,TE,N.Sterling,00-0032120
2018,Neville Hewitt,NYJ,LB,N.Hewitt,00-0031740
2018,Parry Nickerson,NYJ,DB,P.Nickerson,00-0034274
2018,Quincy Enunwa,NYJ,WR,Q.Enunwa,00-0031023
2018,Rashard Robinson,NYJ,CB,R.Robinson,00-0032410
2018,Rishard Matthews,NYJ,WR,R.Matthews,00-0029580
2018,Robby Anderson,NYJ,WR,R.Anderson,00-0032688
2018,Rontez Miles,NYJ,DB,R.Miles,00-0030170
2018,Sam Darnold,NYJ,QB,S.Darnold,00-0034869
2018,Steve McLendon,NYJ,NT,S.McLendon,00-0026564
2018,Tarell Basham,NYJ,OLB,T.Basham,00-0033917
2018,Terrence Brooks,NYJ,DB,T.Brooks,00-0031338
2018,Trenton Cannon,NYJ,RB,T.Cannon,00-0034164
2018,Trumaine Johnson,NYJ,CB,T.Johnson,00-0029690
2018,AJ McCarron,OAK,QB,A.McCarron,00-0031288
2018,Arden Key,OAK,DE,A.Key,00-0034825
2018,Bene' Benwikere,OAK,CB,B.Benwikere,00-0031262
2018,Brandon LaFell,OAK,WR,B.LaFell,00-0027681
2018,Clinton McDonald,OAK,DT,C.McDonald,00-0026964
2018,Dallin Leavitt,OAK,DB,D.Leavitt,00-0034726
2018,Damontre Moore,OAK,DE,D.Moore,00-0030069
2018,Daniel Carlson,OAK,K,D.Carlson,00-0034161
2018,Darren Waller,OAK,TE,D.Waller,00-0031610
2018,Daryl Worley,OAK,CB,D.Worley,00-0032891
2018,DeAndre Washington,OAK,RB,D.Washington,00-0032940
2018,Derek Carr,OAK,QB,D.Carr,00-0031280
2018,Derek Carrier,OAK,TE,D.Carrier,00-0029119
2018,Derrick Johnson,OAK,LB,D.Johnson,00-0023449
2018,Dominique Rodgers-Cromartie,OAK,CB,D.Rodgers-Cromartie,00-0026156
2018,Doug Martin,OAK,RB,D.Martin,00-0029613
2018,Dwayne Harris,OAK,WR,D.Harris,00-0028114
2018,Erik Harris,OAK,FS,E.Harris,00-0032320
2018,Frostee Rucker,OAK,DE,F.Rucker,00-0024306
2018,Gabe Wright,OAK,DT,G.Wright,00-0031574
2018,Gareon Conley,OAK,CB,G.Conley,00-0033882
2018,Jacquies Smith,OAK,DE,J.Smith,00-0029112
2018,Jalen Richard,OAK,RB,J.Richard,00-0033025
2018,James Cowser,OAK,LB,J.Cowser,00-0032929
2018,Jared Cook,OAK,TE,J.Cook,00-0027061
2018,Jason Cabinda,OAK,LB,J.Cabinda,00-0034171
2018,Johnathan Hankins,OAK,DT,J.Hankins,00-0030063
2018,Johnny Holton,OAK,WR,J.Holton,00-0032935
2018,Jordy Nelson,OAK,WR,J.Nelson,00-0026176
2018,Justin Ellis,OAK,DT,J.Ellis,00-0031346
2018,Karl Joseph,OAK,FS,K.Joseph,00-0032888
2018,Keith Smith,OAK,FB,K.Smith,00-0030968
2018,Keon Hatcher,OAK,WR,K.Hatcher,00-0033441
2018,Kony Ealy,OAK,DE,K.Ealy,00-0031336
2018,Kyle Wilber,OAK,LB,K.Wilber,00-0029647
2018,Lee Smith,OAK,TE,L.Smith,00-0028097
2018,Leon Hall,OAK,DB,L.Hall,00-0025405
2018,Marcell Ateman,OAK,WR,M.Ateman,00-0034747
2018,Marcus Gilchrist,OAK,SS,M.Gilchrist,00-0027988
2018,Marquel Lee,OAK,MLB,M.Lee,00-0033956
2018,Marshawn Lynch,OAK,RB,M.Lynch,00-0025399
2018,Martavis Bryant,OAK,WR,M.Bryant,00-0031373
2018,Maurice Hurst,OAK,DT,M.Hurst,00-0034746
2018,Mike Nugent,OAK,K,M.Nugent,00-0023482
2018,Montrel Meander,OAK,DB,M.Meander,00-0034255
2018,Nicholas Morrow,OAK,LB,N.Morrow,00-0033445
2018,Nick Nelson,OAK,CB,N.Nelson,00-0034767
2018,P.J. Hall,OAK,DT,P.Hall,00-0034262
2018,Rashaan Melvin,OAK,CB,R.Melvin,00-0029901
2018,Reggie Nelson,OAK,FS,R.Nelson,00-0025408
2018,Seth Roberts,OAK,WR,S.Roberts,00-0031166
2018,Shilique Calhoun,OAK,DE,S.Calhoun,00-0033122
2018,Tahir Whitehead,OAK,OLB,T.Whitehead,00-0029212
2018,Tank Carradine,OAK,DE,T.Carradine,00-0030457
2018,Alshon Jeffery,PHI,WR,A.Jeffery,00-0029137
2018,Avonte Maddox,PHI,FS,A.Maddox,00-0034377
2018,B.J. Bello,PHI,LB,B.Bello,00-0033642
2018,Brandon Graham,PHI,DE,B.Graham,00-0027865
2018,Bruce Hector,PHI,DT,B.Hector,00-0034461
2018,Carson Wentz,PHI,QB,C.Wentz,00-0032950
2018,Chandon Sullivan,PHI,DB,C.Sullivan,00-0034468
2018,Chris Long,PHI,DE,C.Long,00-0026142
2018,Corey Clement,PHI,RB,C.Clement,00-0033725
2018,Corey Graham,PHI,FS,C.Graham,00-0025555
2018,Cre'von LeBlanc,PHI,CB,C.LeBlanc,00-0032581
2018,D.J. Alexander,PHI,LB,D.Alexander,00-0031950
2018,Daeshon Hall,PHI,DE,D.Hall,00-0033285
2018,Dallas Goedert,PHI,TE,D.Goedert,00-0034351
2018,Darren Sproles,PHI,RB,D.Sproles,00-0023564
2018,Deiondre' Hall,PHI,DB,D.Hall,00-0032776
2018,Derek Barnett,PHI,DE,D.Barnett,00-0033876
2018,DeVante Bausby,PHI,CB,D.Bausby,00-0031991
2018,Dexter McDougle,PHI,CB,D.McDougle,00-0031414
2018,Fletcher Cox,PHI,DT,F.Cox,00-0029653
2018,Golden Tate,PHI,WR,G.Tate,00-0027891
2018,Haloti Ngata,PHI,DT,H.Ngata,00-0024227
2018,Jake Elliott,PHI,K,J.Elliott,00-0033787
2018,Jalen Mills,PHI,CB,J.Mills,00-0032803
2018,Jay Ajayi,PHI,RB,J.Ajayi,00-0031590
2018,Jordan Hicks,PHI,MLB,J.Hicks,00-0032129
2018,Jordan Matthews,PHI,WR,J.Matthews,00-0031299
2018,Josh Adams,PHI,RB,J.Adams,00-0034457
2018,Josh Hawkins,PHI,CB,J.Hawkins,00-0032635
2018,Josh Perkins,PHI,TE,J.Perkins,00-0032599
2018,Josh Sweat,PHI,DE,J.Sweat,00-0034381
2018,Kamar Aiken,PHI,WR,K.Aiken,00-0028497
2018,Kamu Grugier-Hill,PHI,OLB,K.Grugier-Hill,00-0032437
2018,LaRoy Reynolds,PHI,LB,L.Reynolds,00-0029955
2018,Malcolm Jenkins,PHI,SS,M.Jenkins,00-0026990
2018,Michael Bennett,PHI,DE,M.Bennett,00-0026618
2018,Mike Wallace,PHI,WR,M.Wallace,00-0026901
2018,Nate Gerry,PHI,LB,N.Gerry,00-0033577
2018,Nate Sudfeld,PHI,QB,N.Sudfeld,00-0032792
2018,Nelson Agholor,PHI,WR,N.Agholor,00-0031549
2018,Nick Foles,PHI,QB,N.Foles,00-0029567
2018,Nigel Bradham,PHI,OLB,N.Bradham,00-0029272
2018,Rasul Douglas,PHI,CB,R.Douglas,00-0033551
2018,Richard Rodgers,PHI,TE,R.Rodgers,00-0031384
2018,Rodney McLeod,PHI,FS,R.McLeod,00-0028899
2018,Ronald Darby,PHI,CB,R.Darby,00-0032195
2018,Shelton Gibson,PHI,WR,S.Gibson,00-0033573
2018,Sidney Jones,PHI,CB,S.Jones,00-0033543
2018,Timmy Jernigan,PHI,DT,T.Jernigan,00-0031170
2018,Tre Sullivan,PHI,DB,T.Sullivan,00-0033731
2018,Treyvon Hester,PHI,DT,T.Hester,00-0033976
2018,Wendell Smallwood,PHI,RB,W.Smallwood,00-0032782
2018,Zach Ertz,PHI,TE,Z.Ertz,00-0030061
2018,Anthony Chickillo,PIT,LB,A.Chickillo,00-0031956
2018,Antonio Brown,PIT,WR,A.Brown,00-0027793
2018,Artie Burns,PIT,CB,A.Burns,00-0033103
2018,Ben Roethlisberger,PIT,QB,B.Roethlisberger,00-0022924
2018,Brian Allen,PIT,CB,B.Allen,00-0033467
2018,Bud Dupree,PIT,OLB,B.Dupree,00-0032146
2018,Cameron Heyward,PIT,DE,C.Heyward,00-0027969
2018,Cameron Sutton,PIT,CB,C.Sutton,00-0033930
2018,Chris Boswell,PIT,K,C.Boswell,00-0031136
2018,Coty Sensabaugh,PIT,CB,C.Sensabaugh,00-0029529
2018,Dan McCullers,PIT,DT,D.McCullers,00-0031193
2018,Darrius Heyward-Bey,PIT,WR,D.Heyward-Bey,00-0026983
2018,Eli Rogers,PIT,WR,E.Rogers,00-0031782
2018,James Conner,PIT,RB,J.Conner,00-0033553
2018,James Washington,PIT,WR,J.Washington,00-0034676
2018,Javon Hargrave,PIT,NT,J.Hargrave,00-0033109
2018,Jaylen Samuels,PIT,RB,J.Samuels,00-0034331
2018,Jesse James,PIT,TE,J.James,00-0032135
2018,Joe Haden,PIT,CB,J.Haden,00-0027860
2018,Jon Bostic,PIT,ILB,J.Bostic,00-0030064
2018,Jordan Dangerfield,PIT,DB,J.Dangerfield,00-0030023
2018,Joshua Dobbs,PIT,QB,J.Dobbs,00-0033949
2018,JuJu Smith-Schuster,PIT,WR,J.Smith-Schuster,00-0033857
2018,Justin Hunter,PIT,WR,J.Hunter,00-0030521
2018,L.J. Fort,PIT,LB,L.Fort,00-0028932
2018,L.T. Walton,PIT,DE,L.Walton,00-0031607
2018,Marcus Allen,PIT,DB,M.Allen,00-0034335
2018,Matt McCrane,PIT,K,M.McCrane,00-0034479
2018,Matthew Thomas,PIT,LB,M.Thomas,00-0034341
2018,Mike Hilton,PIT,CB,M.Hilton,00-0032521
2018,Morgan Burnett,PIT,SS,M.Burnett,00-0027676
2018,Nat Berhe,PIT,DB,N.Berhe,00-0031070
2018,Ola Adeniyi,PIT,LB,O.Adeniyi,00-0034204
2018,Roosevelt Nix,PIT,FB,R.Nix,00-0030741
2018,Ryan Switzer,PIT,WR,R.Switzer,00-0033562
2018,Sean Davis,PIT,FS,S.Davis,00-0033053
2018,Stephon Tuitt,PIT,DE,S.Tuitt,00-0031412
2018,Stevan Ridley,PIT,RB,S.Ridley,00-0028011
2018,T.J. Watt,PIT,OLB,T.Watt,00-0033886
2018,Terrell Edmunds,PIT,SS,T.Edmunds,00-0034858
2018,Tyler Matakevich,PIT,ILB,T.Matakevich,00-0032366
2018,Tyson Alualu,PIT,DE,T.Alualu,00-0027862
2018,Vance McDonald,PIT,TE,V.McDonald,00-0030470
2018,Vince Williams,PIT,ILB,V.Williams,00-0030434
2018,Xavier Grimble,PIT,TE,X.Grimble,00-0031035
2018,Akeem King,SEA,CB,A.King,00-0031630
2018,Austin Calitro,SEA,OLB,A.Calitro,00-0033452
2018,Barkevious Mingo,SEA,OLB,B.Mingo,00-0030558
2018,Bobby Wagner,SEA,MLB,B.Wagner,00-0029255
2018,Bradley McDougald,SEA,SS,B.McDougald,00-0030161
2018,Branden Jackson,SEA,DE,B.Jackson,00-0033024
2018,C.J. Prosise,SEA,RB,C.Prosise,00-0032393
2018,Chris Carson,SEA,RB,C.Carson,00-0033594
2018,David Moore,SEA,WR,D.Moore,00-0033589
2018,Dion Jordan,SEA,DE,D.Jordan,00-0030555
2018,Doug Baldwin,SEA,WR,D.Baldwin,00-0028434
2018,Earl Thomas,SEA,FS,E.Thomas,00-0027866
2018,Ed Dickson,SEA,TE,E.Dickson,00-0027675
2018,Emmanuel Ellerbee,SEA,LB,E.Ellerbee,00-0034139
2018,Frank Clark,SEA,DE,F.Clark,00-0032210
2018,J.D. McKissic,SEA,RB,J.McKissic,00-0032602
2018,Jake Martin,SEA,LB,J.Martin,00-0034163
2018,Jaron Brown,SEA,WR,J.Brown,00-0030300
2018,Jarran Reed,SEA,DT,J.Reed,00-0032387
2018,Justin Coleman,SEA,CB,J.Coleman,00-0031796
2018,K.J. Wright,SEA,OLB,K.Wright,00-0028037
2018,Kalan Reed,SEA,DB,K.Reed,00-0032810
2018,Lano Hill,SEA,DB,L.Hill,00-0033931
2018,Malik Turner,SEA,WR,M.Turner,00-0034867
2018,Maurice Alexander,SEA,DB,M.Alexander,00-0031393
2018,Mike Davis,SEA,RB,M.Davis,00-0032063
2018,Mychal Kendricks,SEA,LB,M.Kendricks,00-0029409
2018,Nazair Jones,SEA,DT,N.Jones,00-0033934
2018,Neiko Thorpe,SEA,DB,N.Thorpe,00-0029329
2018,Nick Vannett,SEA,TE,N.Vannett,00-0032394
2018,Poona Ford,SEA,DT,P.Ford,00-0034234
2018,Quinton Jefferson,SEA,DE,Q.Jefferson,00-0032416
2018,Rashaad Penny,SEA,RB,R.Penny,00-0034750
2018,Rasheem Green,SEA,DE,R.Green,00-0034831
2018,Russell Wilson,SEA,QB,R.Wilson,00-0029263
2018,Sebastian Janikowski,SEA,K,S.Janikowski,00-0019646
2018,Shalom Luani,SEA,DB,S.Luani,00-0033970
2018,Shamar Stephen,SEA,DT,S.Stephen,00-0031242
2018,Shaquem Griffin,SEA,OLB,S.Griffin,00-0034755
2018,Shaquill Griffin,SEA,CB,S.Griffin,00-0033926
2018,T.J. Green,SEA,DB,T.Green,00-0033059
2018,Tedric Thompson,SEA,FS,T.Thompson,00-0033554
2018,Tre Flowers,SEA,CB,T.Flowers,00-0034756
2018,Tre Madden,SEA,FB,T.Madden,00-0032472
2018,Tyler Lockett,SEA,WR,T.Lockett,00-0032211
2018,Tyrone Swoopes,SEA,TE,T.Swoopes,00-0033742
2018,Will Dissly,SEA,TE,W.Dissly,00-0034159
2018,Adrian Colbert,SF,FS,A.Colbert,00-0033302
2018,Ahkello Witherspoon,SF,CB,A.Witherspoon,00-0033783
2018,Alfred Morris,SF,RB,A.Morris,00-0029141
2018,Antone Exum,SF,SS,A.Exum,00-0031267
2018,Arik Armstead,SF,DE,A.Armstead,00-0032164
2018,Brock Coyle,SF,LB,B.Coyle,00-0030770
2018,C.J. Beathard,SF,QB,C.Beathard,00-0033936
2018,Cassius Marsh,SF,DE,C.Marsh,00-0031175
2018,D.J. Jones,SF,DT,D.Jones,00-0033297
2018,D.J. Reed,SF,FS,D.Reed,00-0034384
2018,Dante Pettis,SF,WR,D.Pettis,00-0034860
2018,DeForest Buckner,SF,DT,D.Buckner,00-0032378
2018,Dekoda Watson,SF,LB,D.Watson,00-0027812
2018,Earl Mitchell,SF,DT,E.Mitchell,00-0027684
2018,Elijah Lee,SF,OLB,E.Lee,00-0033973
2018,Emmanuel Moseley,SF,DB,E.Moseley,00-0034096
2018,Fred Warner,SF,MLB,F.Warner,00-0034815
2018,Garrett Celek,SF,TE,G.Celek,00-0028903
2018,George Kittle,SF,TE,G.Kittle,00-0033288
2018,Godwin Igwebuike,SF,DB,G.Igwebuike,00-0034614
2018,Greg Mabin,SF,CB,G.Mabin,00-0033430
2018,James Onwualu,SF,LB,J.Onwualu,00-0033704
2018,Jaquiski Tartt,SF,SS,J.Tartt,00-0032057
2018,Jeff Wilson,SF,RB,J.Wilson,00-0034115
2018,Jimmie Ward,SF,CB,J.Ward,00-0031298
2018,Jimmy Garoppolo,SF,QB,J.Garoppolo,00-0031345
2018,Jullian Taylor,SF,DT,J.Taylor,00-0034283
2018,K'Waun Williams,SF,DB,K.Williams,00-0031253
2018,Kendrick Bourne,SF,WR,K.Bourne,00-0033307
2018,Kyle Juszczyk,SF,FB,K.Juszczyk,00-0029892
2018,Malcolm Smith,SF,OLB,M.Smith,00-0028180
2018,Marcell Harris,SF,DB,M.Harris,00-0034730
2018,Mark Nzeocha,SF,OLB,M.Nzeocha,00-0031961
2018,Marquise Goodwin,SF,WR,M.Goodwin,00-0030068
2018,Matt Breida,SF,RB,M.Breida,00-0033308
2018,Nick Mullens,SF,QB,N.Mullens,00-0033319
2018,Pierre Garcon,SF,WR,P.Garcon,00-0026345
2018,Pita Taumoepenu,SF,DE,P.Taumoepenu,00-0033298
2018,Raheem Mostert,SF,RB,R.Mostert,00-0031687
2018,Richard Sherman,SF,CB,R.Sherman,00-0028092
2018,Richie James,SF,WR,R.James,00-0034286
2018,Robbie Gould,SF,K,R.Gould,00-0023252
2018,Ronald Blair,SF,DE,R.Blair,00-0032413
2018,Ross Dwelley,SF,TE,R.Dwelley,00-0034073
2018,Ryan Delaire,SF,DE,R.Delaire,00-0031843
2018,Sheldon Day,SF,DT,S.Day,00-0033010
2018,Solomon Thomas,SF,DE,S.Thomas,00-0033870
2018,Tarvarius Moore,SF,DB,T.Moore,00-0034263
2018,Terence Garvin,SF,LB,T.Garvin,00-0030033
2018,Trent Taylor,SF,WR,T.Taylor,00-0033292
2018,Tyree Robinson,SF,DB,T.Robinson,00-0034569
2018,Tyvis Powell,SF,DB,T.Powell,00-0032479
2018,Adam Humphries,TB,WR,A.Humphries,00-0032009
2018,Adarius Taylor,TB,OLB,A.Taylor,00-0031120
2018,Alan Cross,TB,TE,A.Cross,00-0032745
2018,Andrew Adams,TB,DB,A.Adams,00-0032637
2018,Antony Auclair,TB,TE,A.Auclair,00-0033421
2018,Beau Allen,TB,DT,B.Allen,00-0031089
2018,Bobo Wilson,TB,WR,B.Wilson,00-0033434
2018,Brent Grimes,TB,CB,B.Grimes,00-0024183
2018,Cairo Santos,TB,K,C.Santos,00-0031203
2018,Cameron Brate,TB,TE,C.Brate,00-0031273
2018,Cameron Lynch,TB,LB,C.Lynch,00-0031815
2018,Carl Nassib,TB,DE,C.Nassib,00-0033129
2018,Carlton Davis,TB,CB,C.Davis,00-0034778
2018,Chris Conte,TB,FS,C.Conte,00-0028031
2018,Chris Godwin,TB,WR,C.Godwin,00-0033921
2018,David Rivers,TB,CB,D.Rivers,00-0033363
2018,De'Vante Harris,TB,CB,D.Harris,00-0032946
2018,Demone Harris,TB,DE,D.Harris,00-0034612
2018,DeSean Jackson,TB,WR,D.Jackson,00-0026189
2018,Devante Bond,TB,LB,D.Bond,00-0032789
2018,Freddie Martino,TB,WR,F.Martino,00-0030737
2018,Gerald McCoy,TB,DT,G.McCoy,00-0027856
2018,Isaiah Johnson,TB,FS,I.Johnson,00-0032749
2018,Jack Cichy,TB,LB,J.Cichy,00-0034415
2018,Jacquizz Rodgers,TB,RB,J.Rodgers,00-0028083
2018,Jameis Winston,TB,QB,J.Winston,00-0031503
2018,Jason Pierre-Paul,TB,DE,J.Pierre-Paul,00-0027867
2018,Javien Elliott,TB,CB,J.Elliott,00-0033070
2018,Jerel Worthy,TB,DT,J.Worthy,00-0029257
2018,Jeremiah Ledbetter,TB,DE,J.Ledbetter,00-0033582
2018,Jordan Whitehead,TB,FS,J.Whitehead,00-0034374
2018,Josh Shaw,TB,CB,J.Shaw,00-0032168
2018,Justin Evans,TB,SS,J.Evans,00-0033898
2018,Justin Watson,TB,WR,J.Watson,00-0034386
2018,Kevin Minter,TB,LB,K.Minter,00-0030382
2018,Kwon Alexander,TB,MLB,K.Alexander,00-0032109
2018,Lavonte David,TB,OLB,L.David,00-0029562
2018,M.J. Stewart,TB,CB,M.Stewart,00-0034355
2018,Mike Evans,TB,WR,M.Evans,00-0031408
2018,Noah Spence,TB,DE,N.Spence,00-0032952
2018,O.J. Howard,TB,TE,O.Howard,00-0033879
2018,Peyton Barber,TB,RB,P.Barber,00-0032741
2018,Rakeem Nunez-Roches,TB,DT,R.Nunez-Roches,00-0031957
2018,Riley Bullough,TB,LB,R.Bullough,00-0033424
2018,Ronald Jones,TB,RB,R.Jones,00-0034816
2018,Ryan Fitzpatrick,TB,QB,R.Fitzpatrick,00-0023682
2018,Ryan Smith,TB,CB,R.Smith,00-0032772
2018,Shaun Wilson,TB,RB,S.Wilson,00-0034621
2018,Vernon Hargreaves III,TB,CB,V.III,00-0032758
2018,Vinny Curry,TB,DE,V.Curry,00-0029412
2018,Vita Vea,TB,DT,V.Vea,00-0034773
2018,Will Clarke,TB,DE,W.Clarke,00-0031304
2018,William Gholston,TB,DT,W.Gholston,00-0030386
2018,Adoree' Jackson,TEN,CB,A.Jackson,00-0033878
2018,Anthony Firkser,TEN,TE,A.Firkser,00-0033455
2018,Austin Johnson,TEN,NT,A.Johnson,00-0032763
2018,Bennie Logan,TEN,DT,B.Logan,00-0030507
2018,Blaine Gabbert,TEN,QB,B.Gabbert,00-0027948
2018,Brian Orakpo,TEN,OLB,B.Orakpo,00-0026989
2018,Brynden Trawick,TEN,DB,B.Trawick,00-0030020
2018,Cameron Batson,TEN,WR,C.Batson,00-0034652
2018,Corey Davis,TEN,WR,C.Davis,00-0033871
2018,Dane Cruikshank,TEN,DB,D.Cruikshank,00-0034389
2018,DaQuan Jones,TEN,DE,D.Jones,00-0031054
2018,Daren Bates,TEN,LB,D.Bates,00-0029794
2018,Darius Jennings,TEN,WR,D.Jennings,00-0031972
2018,Darius Kilgo,TEN,NT,D.Kilgo,00-0032138
2018,David Fluellen,TEN,RB,D.Fluellen,00-0030711
2018,Delanie Walker,TEN,TE,D.Walker,00-0024389
2018,Derrick Henry,TEN,RB,D.Henry,00-0032764
2018,Derrick Morgan,TEN,OLB,D.Morgan,00-0027868
2018,Dion Lewis,TEN,RB,D.Lewis,00-0028087
2018,Harold Landry,TEN,LB,H.Landry,00-0034828
2018,Jayon Brown,TEN,ILB,J.Brown,00-0033954
2018,Jonnu Smith,TEN,TE,J.Smith,00-0033858
2018,Joshua Kalu,TEN,DB,J.Kalu,00-0034662
2018,Jurrell Casey,TEN,DE,J.Casey,00-0028015
2018,Kamalei Correa,TEN,OLB,K.Correa,00-0032386
2018,Kendrick Lewis,TEN,SS,K.Lewis,00-0027736
2018,Kenneth Durden,TEN,DB,K.Durden,00-0032931
2018,Kenny Vaccaro,TEN,SS,K.Vaccaro,00-0030060
2018,Kevin Byard,TEN,FS,K.Byard,00-0033132
2018,LaTroy Lewis,TEN,LB,L.Lewis,00-0033477
2018,LeShaun Sims,TEN,CB,L.Sims,00-0032783
2018,Logan Ryan,TEN,CB,L.Ryan,00-0030411
2018,Luke Stocker,TEN,TE,L.Stocker,00-0028042
2018,Malcolm Butler,TEN,CB,M.Butler,00-0031218
2018,Marcus Mariota,TEN,QB,M.Mariota,00-0032268
2018,Matt Dickerson,TEN,DE,M.Dickerson,00-0034657
2018,MyCole Pruitt,TEN,TE,M.Pruitt,00-0031585
2018,Nigel Harris,TEN,LB,N.Harris,00-0033700
2018,Rashaan Evans,TEN,ILB,R.Evans,00-0034743
2018,Robert Spillane,TEN,LB,R.Spillane,00-0034720
2018,Ryan Succop,TEN,K,R.Succop,00-0026968
2018,Sharif Finch,TEN,LB,S.Finch,00-0034659
2018,Tajae Sharpe,TEN,WR,T.Sharpe,00-0032778
2018,Taywan Taylor,TEN,WR,T.Taylor,00-0033911
2018,Wesley Woodyard,TEN,ILB,W.Woodyard,00-0025828
2018,Will Compton,TEN,ILB,W.Compton,00-0029869
2018,Adonis Alexander,WAS,DB,A.Alexander,00-0034840
2018,Adrian Peterson,WAS,RB,A.Peterson,00-0025394
2018,Alex Carter,WAS,CB,A.Carter,00-0031563
2018,Alex Smith,WAS,QB,A.Smith,00-0023436
2018,Brian Quick,WAS,WR,B.Quick,00-0029640
2018,Byron Marshall,WAS,RB,B.Marshall,00-0032964
2018,Caleb Brantley,WAS,DT,C.Brantley,00-0033962
2018,Cassanova McKinzy,WAS,LB,C.McKinzy,00-0032751
2018,Chris Thompson,WAS,RB,C.Thompson,00-0030404
2018,Colt McCoy,WAS,QB,C.McCoy,00-0027688
2018,Danny Johnson,WAS,DB,D.Johnson,00-0034071
2018,Daron Payne,WAS,NT,D.Payne,00-0034333
2018,Darvin Kidsy,WAS,WR,D.Kidsy,00-0034710
2018,Deshazor Everett,WAS,DB,D.Everett,00-0031844
2018,Dustin Hopkins,WAS,K,D.Hopkins,00-0030098
2018,Fabian Moreau,WAS,CB,F.Moreau,00-0033918
2018,Greg Stroman,WAS,CB,G.Stroman,00-0034337
2018,Ha Ha Clinton-Dix,WAS,SS,H.Clinton-Dix,00-0031333
2018,Harlan Miller,WAS,CB,H.Miller,00-0032798
2018,Jamison Crowder,WAS,WR,J.Crowder,00-0031941
2018,Jehu Chesson,WAS,WR,J.Chesson,00-0033464
2018,Jeremy Reaves,WAS,DB,J.Reaves,00-0034465
2018,Jeremy Sprinkle,WAS,TE,J.Sprinkle,00-0033528
2018,Jonathan Allen,WAS,DE,J.Allen,00-0033523
2018,Jordan Reed,WAS,TE,J.Reed,00-0030472
2018,Josh Doctson,WAS,WR,J.Doctson,00-0032760
2018,Josh Harvey-Clemons,WAS,LB,J.Harvey-Clemons,00-0033532
2018,Josh Johnson,WAS,QB,J.Johnson,00-0026300
2018,Josh Norman,WAS,CB,J.Norman,00-0029285
2018,Joshua Holsey,WAS,CB,J.Holsey,00-0033533
2018,Marcus Smith,WAS,LB,M.Smith,00-0031371
2018,Mark Sanchez,WAS,QB,M.Sanchez,00-0026898
2018,Marquis Flowers,WAS,LB,M.Flowers,00-0031290
2018,Mason Foster,WAS,ILB,M.Foster,00-0028022
2018,Matt Flanagan,WAS,TE,M.Flanagan,00-0034101
2018,Matthew Ioannidis,WAS,DE,M.Ioannidis,00-0032781
2018,Maurice Harris,WAS,WR,M.Harris,00-0032362
2018,Michael Floyd,WAS,WR,M.Floyd,00-0029638
2018,Montae Nicholson,WAS,SS,M.Nicholson,00-0033527
2018,Paul Richardson,WAS,WR,P.Richardson,00-0031257
2018,Pernell McPhee,WAS,LB,P.McPhee,00-0028103
2018,Preston Smith,WAS,OLB,P.Smith,00-0031935
2018,Quinton Dunbar,WAS,CB,Q.Dunbar,00-0032007
2018,Rob Kelley,WAS,RB,R.Kelley,00-0032371
2018,Ryan Anderson,WAS,LB,R.Anderson,00-0033525
2018,Ryan Kerrigan,WAS,OLB,R.Kerrigan,00-0027954
2018,Samaje Perine,WAS,RB,S.Perine,00-0033526
2018,Shaun Dion Hamilton,WAS,LB,S.Hamilton,00-0034336
2018,Stacy McGee,WAS,DT,S.McGee,00-0030515
2018,Tim Settle,WAS,DT,T.Settle,00-0034397
2018,Trey Quinn,WAS,WR,T.Quinn,00-0034339
2018,Troy Apke,WAS,DB,T.Apke,00-0034334
2018,Vernon Davis,WAS,TE,V.Davis,00-0024221
2018,Zach Brown,WAS,ILB,Z.Brown,00-0029566
2018,Zach Vigil,WAS,LB,Z.Vigil,00-0031728
